Name,Brand,Release,Version
BlackBerry Priv,BlackBerry Limited,2015/11,Android 5.0 Lollipop
BlackBerry DTEK50,BlackBerry Limited,2016/08,Android 6.0 Marshmallow
BlackBerry DTEK60,BlackBerry Limited,2016/10,Android 6.0 Marshmallow
BlackBerry Aurora,BlackBerry Mobile,2017/03,Android 7.0 Nougat
BlackBerry KeyOne,BlackBerry Mobile,2017/04,Android 7.0 Nougat
BlackBerry Motion,BlackBerry Mobile,2017/12,Android 7.0 Nougat
BlackBerry Key2,BlackBerry Mobile,2018/06,Android 8.0 Oreo
BlackBerry Evolve/X,BlackBerry Mobile,2018/08,Android 8.0 Oreo
BlackBerry Key2 LE,BlackBerry Mobile,2018/10,Android 8.0 Oreo
BoringPhone,BoringPhone,2019/01,Android 9.0 Pie
Cherry Mobile Flare S8 Deluxe,Cherry Mobile,2019/07,Android Pie
Cherry Mobile Flare S8 Pro,Cherry Mobile,2019/07,Android Pie
Cherry Mobile Flare S8 Plus,Cherry Mobile,2019/07,Android Pie
Cherry Mobile Flare S8 Lite,Cherry Mobile,2019/07,Android Pie
Dior Phone Touch/Dior Revires,Dior,2011/01,Unknown Android Version
Essential PH-1,Essential Products,2017/08,Android 7.0 Nougat
Eye,ESTI,Unreleased,Android 7.1 Nougat
Fairphone 1,FairPhone,2013/04,Android 4.2 Jelly Bean
Fairphone 2,FairPhone,2015/01,Android 5 Lollipop
Fairphone 3,FairPhone,2019/01,Android 9 Pie
Fairphone 3+,FairPhone,2020/08,Android 10
Fairphone 4,FairPhone,2021/10,Android 11
Freedom Phone,Freedom Phone,2021/07,Android 10
Goophone X,Goophone,2017/09,Android 5.0 Lollipop
Goophone i5C,Goophone,2013/08,Android 4.2 Jelly Bean
Goophone i5S,Goophone,2013/03,Android 4.2 Jelly Bean
Goophone i6,Goophone,2014/07,Unknown Android Version
Goophone i5,Goophone,2012/08,Android 4.0 Ice Cream Sandwich (w/ iOS 6 skin)
Goophone 12 Pro,Goophone,2020/09,Android 10
HTC Dream,HTC,2008/09,Android 1.0
HTC Magic,HTC,2009/05,"Android 1.6 ""Donut"""
HTC Hero,HTC,2009/07,"Android 1.5 ""Cupcake"""
HTC Tattoo,HTC,2009/09,"Android 1.6 ""Donut"""
HTC Desire,HTC,2010/02,"Android 2.0 ""Eclair"""
HTC Legend,HTC,2010/03,Android 2.0 Eclair
HTC Droid Incredible,HTC,2010/04,Android 2.0 Eclair
HTC Wildfire,HTC,2010/05,Android 2.0 Eclair
HTC Aria,HTC,2010/06,Android 2.0 Eclair
HTC Evo 4G,HTC,2010/06,Android 2.0 Eclair
HTC Evo 4G+,HTC,2010/06,Android 2.0 Eclair
HTC Desire HD,HTC,2010/10,"Android 2.2 ""Froyo"""
HTC Desire Z,HTC,2010/11,Android 2.2 Froyo
HTC Gratia,HTC,2010/11,Android 2.2 Froyo
HTC Evo Shift 4G,HTC,2011/01,Android 2.2 Froyo
HTC Inspire 4G,HTC,2011/02,Android 2.2 Froyo
HTC Incredible S,HTC,2011/02,Android 2.2 Froyo
HTC ThunderBolt,HTC,2011/03,Android 2.2 Froyo
HTC Desire S,HTC,2011/03,"Android 2.3 ""Gingerbread"""
HTC Merge,HTC,2011/04,Android 2.2 Froyo
HTC Sensation,HTC,2011/05,Android 2.3 Gingerbread
HTC Wildfire S,HTC,2011/05,Android 2.3 Gingerbread
HTC ChaCha,HTC,2011/06,Android 2.3 Gingerbread
HTC Salsa,HTC,2011/06,Android 2.3 Gingerbread
HTC Evo 3D,HTC,2011/07,Android 2.3 Gingerbread
HTC Amaze 4G,HTC,2011/10,Android 2.3 Gingerbread
HTC Explorer,HTC,2011/10,Android 2.3 Gingerbread
HTC Sensation XE,HTC,2011/10,Android 2.3 Gingerbread
HTC Rhyme,HTC,2011/10,Android 2.3 Gingerbread
HTC Raider 4G,HTC,2011/10,Android 2.3 Gingerbread
HTC Evo Design 4G,HTC,2011/10,Android 2.3 Gingerbread
HTC Sensation XL,HTC,2011/11,Android 2.3 Gingerbread
HTC Rezound,HTC,2011/11,Android 2.3 Gingerbread
HTC One S,HTC,2012/04,Android 4.0 Ice Cream Sandwich
HTC One V,HTC,2012/04,Android 4.0 Ice Cream Sandwich
HTC One X/XL,HTC,2012/05,Android 4.0 Ice Cream Sandwich
HTC Evo 4G LTE,HTC,2012/05,Android 4.0 Ice Cream Sandwich
HTC One S C2,HTC,2012/06,Android 4.0 Ice Cream Sandwich
HTC Desire C,HTC,2012/06,Android 4.0 Ice Cream Sandwich
HTC Desire V,HTC,2012/06,Android 4.0 Ice Cream Sandwich
HTC Droid Incredible 4G LTE,HTC,2012/07,Android 4.0 Ice Cream Sandwich
HTC Desire VC,HTC,2012/07,Android 4.0 Ice Cream Sandwich
HTC Desire XC,HTC,2012/07,Android 4.0 Ice Cream Sandwich
HTC One XC,HTC,2012/08,Android 4.0 Ice Cream Sandwich
HTC J,HTC,2012/08,Android 4.0 Ice Cream Sandwich
HTC Desire VT,HTC,2012/08,Android 4.0 Ice Cream Sandwich
HTC Desire X,HTC,2012/10,Android 4.0 Ice Cream Sandwich
HTC One VX,HTC,2012/10,Android 4.0 Ice Cream Sandwich
HTC One X+,HTC,2012/11,Android 4.1 Jelly Bean
HTC Desire SV,HTC,2012/11,Android 4.0 Ice Cream Sandwich
HTC Desire 400,HTC,2012/12,Android 4.1 Jelly Bean
HTC One SV,HTC,2013/01,Android 4.0 Ice Cream Sandwich
HTC Butterfly,HTC,2013/01,Android 4.1 Jelly Bean
HTC One (M7),HTC,2013/03,Android 4.1 Jelly Bean
HTC First,HTC,2013/04,Android 4.1 Jelly Bean
HTC Desire L/P/Q,HTC,2013/04,Android 4.1 Jelly Bean
HTC Desire U,HTC,2013/06,Android 4.0 Ice Cream Sandwich
HTC Desire 600,HTC,2013/06,Android 4.1 Jelly Bean
HTC Desire 200,HTC,2013/07,Android 4.0 Ice Cream Sandwich
HTC Butterfly S,HTC,2013/07,Android 4.1 Jelly Bean
HTC One Mini,HTC,2013/08,Android 4.1 Jelly Bean
HTC Desire 500,HTC,2013/09,Android 4.1 Jelly Bean
HTC One Max,HTC,2013/10,Android 4.1 Jelly Bean
HTC Desire 601,HTC,2013/10,Android 4.1 Jelly Bean
HTC Desire 300,HTC,2013/12,Android 4.1 Jelly Bean
HTC Desire 601 dual sim,HTC,2013/12,Android 4.1 Jelly Bean
HTC Desire 700,HTC,2014/01,Android 4.1 Jelly Bean
HTC Desire 501,HTC,2014/02,Android 4.1 Jelly Bean
HTC Desire 816,HTC,2014/03,Android 4.4 KitKat
HTC One (M8),HTC,2014/03,Android 4.4 KitKat
HTC Desire 310,HTC,2014/04,Android 4.1 Jelly Bean
HTC Desire 610,HTC,2014/03,Android 4.4 KitKat
HTC Desire 816 dual sim,HTC,2014/05,Android 4.4 KitKat
HTC One Mini 2,HTC,2014/05,Android 4.4 KitKat
HTC Desire 210,HTC,2014/06,Android 4.1 Jelly Bean
HTC Desire 616,HTC,2014/06,Android 4.1 Jelly Bean
HTC One (E8),HTC,2014/06,Android 4.4 KitKat
HTC Desire 516,HTC,2014/06,Android 4.1 Jelly Bean
HTC One Remix,HTC,2014/07,Android 4.4 KitKat
HTC Butterfly 2,HTC,2014/09,Android 4.4 KitKat
HTC Desire 510,HTC,2014/09,Android 4.4 KitKat
HTC Desire 820q,HTC,2014/10,Android 4.4 KitKat
HTC Desire 612,HTC,2014/10,Android 4.4 KitKat
HTC One (M8 Eye),HTC,2014/10,Android 4.4 KitKat
HTC Desire 816G,HTC,2014/10,Android 4.4 KitKat
HTC Desire 820,HTC,2014/11,Android 4.4 KitKat
HTC Desire Eye,HTC,2014/11,Android 4.4 KitKat
HTC Desire 620/G,HTC,2014/12,Android 4.4 KitKat
HTC Desire 320,HTC,2015/01,Android 4.4 KitKat
HTC Desire 526G+,HTC,2015/01,Android 4.4 KitKat
HTC Desire 826,HTC,2015/03,Android 5.0 Lollipop
HTC Desire 626,HTC,2015/03,Android 4.4 KitKat
HTC Desire 820s,HTC,2015/03,Android 4.4 KitKat
HTC Desire 626G+,HTC,2015/04,Android 4.4 KitKat
HTC One M9,HTC,2015/03,Android 5.0 Lollipop
HTC One E9/+,HTC,2015/05,Android 5.0 Lollipop
HTC One M8s,HTC,2015/05,Android 5.0 Lollipop
HTC One M9+,HTC,2015/05,Android 5.0 Lollipop
HTC Desire 326G,HTC,2015/06,Android 4.4 KitKat
HTC Desire 820G+,HTC,2015/06,Android 4.4 KitKat
HTC One ME,HTC,2015/07,Android 5.0 Lollipop
HTC Desire 626s,HTC,2015/07,Android 5.0 Lollipop
HTC Desire 526,HTC,2015/08,Android 5.0 Lollipop
HTC Desire 626 (USA),HTC,2015/08,Android 5.0 Lollipop
HTC One M9+ Supreme Camera Edition,HTC,2015/10,Android 5.0 Lollipop
HTC Butterfly 3,HTC,2015/10,Android 5.0 Lollipop
HTC One E9s,HTC,2015/10,Android 5.0 Lollipop
HTC One A9,HTC,2015/10,Android 5.0 Lollipop
HTC Desire 520,HTC,2015/11,Android 5.0 Lollipop
HTC Desire 728,HTC,2015/11,Android 5.0 Lollipop
HTC Desire 828,HTC,2015/11,Android 5.0 Lollipop
HTC One M9s,HTC,2015/11,Android 5.0 Lollipop
HTC One X9,HTC,2016/01,Android 6.0 Marshmallow
HTC Desire 530,HTC,2016/03,Android 6.0 Marshmallow
HTC Desire 825,HTC,2016/04,Android 6.0 Marshmallow
HTC 10,HTC,2016/04,Android 6.0 Marshmallow
HTC Desire 830,HTC,2016/05,Android 6.0 Marshmallow
HTC One M9 Prime Camera,HTC,2016/05,Android 5.0 Lollipop
HTC Desire 630,HTC,2016/06,Android 6.0 Marshmallow
HTC 10 Lifestyle,HTC,2016/06,Android 6.0 Marshmallow
HTC One S9,HTC,2016/06,Android 6.0 Marshmallow
HTC Desire 628,HTC,2016/06,Android 5.0 Lollipop
HTC Desire 625,HTC,2016/08,Android 5.0 Lollipop
HTC Desire 10 Lifestyle,HTC,2016/09,Android 6.0 Marshmallow
HTC Desire 728 Ultra,HTC,2016/12,Android 6.0 Marshmallow
HTC One A9s,HTC,2016/11,Android 6.0 Marshmallow
HTC 10 evo,HTC,2016/11,Android 6.0 Marshmallow
HTC Desire 10 Pro,HTC,2016/12,Android 6.0 Marshmallow
HTC Desire 650,HTC,2016/12,Android 6.0 Marshmallow
HTC U Play,HTC,2017/02,Android 6.0 Marshmallow
HTC U Ultra,HTC,2017/02,Android 7.0 Nougat
HTC U11,HTC,2017/06,Android 7.0 Nougat
HTC One X10,HTC,2017/07,Android 6.0 Marshmallow
HTC U11+/Life,HTC,2017/11,Android 8.0 Oreo
HTC U11 EYEs,HTC,2018/01,Android 8.0 Oreo
HTC U12+,HTC,2018/06,Android 8.0 Oreo
HTC U12 life,HTC,2018/08,Android 8.0 Oreo
HTC Desire 12/12+,HTC,2018/09,Android 8.0 Oreo
HTC Exodus 1,HTC,2018/12,Android 8.0 Oreo
HTC Desire 12s,HTC,2018/12,Android 8.0 Oreo
HTC Desire 19+,HTC,2019/06,Android Pie
HTC U19e,HTC,2019/06,Android Pie
HTC Wildfire X,HTC,2019/08,Android Pie
HTC Exodus 1s,HTC,2019/10,Android 8.0 Oreo
HTC Desire 19s,HTC,2019/11,Android Pie
HTC Wildfire R70,HTC,2020/02,Android Pie
HTC Desire 20 Pro,HTC,2020/06,Android 10
HTC Wildfire E2,HTC,2020/08,Android 10
HTC U20 5G,HTC,2020/10,Android 10
HTC Desire 20+,HTC,2020/10,Android 10
HTC Desire 21 Pro,HTC,2021/01,Android 10
HTC Wildfire E3,HTC,2021/05,Android 10
HTC/Google Sooner,HTC/Google,Unreleased,Android htc-2065.0.8.0.0
Honor U8860,Huawei,2011/09,Android 2.3 Gingerbread
Honor 2,Huawei,2012/10,"Android 4.0 ""Ice Cream Sandwich"""
Honor 3,Huawei,2013/08,Android 4.1 Jelly Bean
Honor 3C,Huawei,2013/12,Android 4.1 Jelly Bean
Honor 3X,Huawei,2013/12,Android 4.4 KitKat
Honor 3X Pro,Huawei,2014/05,Android 4.1 Jelly Bean
Honor 3C 4G,Huawei,2014/06,Android 4.4 KitKat
Honor 6,Huawei,2014/08,Android 4.4 KitKat
Honor 3C Play,Huawei,2014/09,Android 4.1 Jelly Bean
Honor 4 Play,Huawei,2014/09,Android 4.4 KitKat
Honor Holly,Huawei,2014/10,Android 4.4 KitKat
Honor 4X,Huawei,2014/10,Android 4.4 KitKat
Honor 6 Plus,Huawei,2014/12,Android 4.4 KitKat
Honor 4C,Huawei,2015/04,Android 4.4 KitKat
Honor Bee,Huawei,2015/05,Android 4.4 KitKat
Honor 7,Huawei,2015/07,Android 5.0 Lollipop
Honor 7i,Huawei,2015/08,Android 5.0 Lollipop
Honor 5X,Huawei,2015/11,Android 5.0 Lollipop
Honor Holly 2 Plus,Huawei,2016/01,Android 5.0 Lollipop
Honor 5c,Huawei,2016/04,Android 6.0 Marshmallow
Honor V8,Huawei,2016/05,Android 6.0 Marshmallow
Honor 5A,Huawei,2016/06,Android 5.0 Lollipop
Honor 8,Huawei,2016/07,Android 6.0 Marshmallow
Honor Note 8,Huawei,2016/08,Android 6.0 Marshmallow
Honor Holly 3,Huawei,2016/07,Android 6.0 Marshmallow
Honor 6X,Huawei,2016/10,Android 6.0 Marshmallow
Honor Magic,Huawei,2016/12,Android 6.0 Marshmallow
Honor 8 Pro,Huawei,2017/04,Android 7.0 Nougat
Honor 6A,Huawei,2017/05,Android 7.0 Nougat
Honor 9,Huawei,2017/07,Android 7.0 Nougat
Honor 6C Pro,Huawei,2017/10,Android 7.0 Nougat
Honor 7X,Huawei,2017/12,Android 7.0 Nougat
Honor V10,Huawei,2017/12,Android 8.0 Oreo
Honor 9 Lite,Huawei,2017/12,Android 8.0 Oreo
Honor 7A,Huawei,2018/04,Android 8.0 Oreo
Honor 7C,Huawei,2018/05,Android 8.0 Oreo
Honor 10,Huawei,2018/05,Android 8.0 Oreo
Honor 7S,Huawei,2018/05,Android 8.0 Oreo
Honor 9N,Huawei,2018/07,Android 8.0 Oreo
Honor Play,Huawei,2018/08,Android 8.0 Oreo
Honor Note 10,Huawei,2018/08,Android 8.0 Oreo
Honor 8X/Max,Huawei,2018/09,Android 8.0 Oreo
Honor 8C,Huawei,2018/10,Android 8.0 Oreo
Honor Magic 2/3D,Huawei,2018/08,Android Pie
Honor 10 Lite,Huawei,2018/11,Android Pie
Honor V20,Huawei,2018/12,Android Pie
Honor Play 8A,Huawei,2019/01,Android Pie
Honor 8A Pro,Huawei,2019/04,Android Pie
Honor 20 lite,Huawei,2019/05,Android Pie
Honor 20i,Huawei,2019/05,Android Pie
Honor 20,Huawei,2019/06,Android Pie
Honor 20 Pro,Huawei,2019/07,Android Pie
Honor 9X (China),Huawei,2019/07,Android Pie
Honor 9X Pro,Huawei,2019/07,Android Pie
Honor Play 3/3e,Huawei,2019/09,Android Pie
Honor 20S,Huawei,2019/09,Android Pie
Honor 20 lite (China),Huawei,2019/10,Android Pie
Honor 9X,Huawei,2019/10,Android Pie
Honor V30/30 Pro,Huawei,2019/11,Android 10
Honor 8A Prime,Huawei,2020/03,Android 10
Honor Play 9A,Huawei,2020/03,Android 10
Honor 30S,Huawei,2020/03,Android 10
Honor Play 4T/Pro,Huawei,2020/04,Android 10
Honor 8A 2020,Huawei,2020/04,Android 10
Honor 20e,Huawei,2020/04,Android 10
Honor 30/Pro/Pro+,Huawei,2020/04,Android 10
Honor 9X Lite,Huawei,2020/04,Android 10
Honor 9C/9S/9A,Huawei,2020/04,Android 10
Honor X10,Huawei,2020/05,Android 10
Honor 8S 2020,Huawei,2020/05,Android 10
Honor Play4/Pro,Huawei,2020/06,Android 10
Honor 30 Lite,Huawei,2020/07,Android 10
Honor X10 Max,Huawei,2020/07,Android 10
Honor 30i,Huawei,2020/09,Android 10
Honor 10X Lite,Huawei,2020/10,Android 10
Honor V40,Honor,2021/01,Android 10
Honor V40 Lite,Honor,2021/03,Android 10
Honor Play 5T Youth,Honor,2021/04,Android 10
Honor Play 20,Honor,2021/05,Android 10
Honor Play 5,Honor,2021/05,Android 10
Honor 50/Pro,Honor,2021/06,Android 11
Honor 50 SE,Honor,2021/07,Android 11
Honor X20 SE,Honor,2021/07,Android 11
Honor Play 5T Pro,Honor,2021/08,Android 11
Honor Magic3/Pro/Pro+,Honor,2021/08,Android 11
Honor X20,Honor,2021/08,Android 11
Honor Play 5 Youth,Honor,2021/11,Android 11
Honor 50 Lite,Honor,2021/11,Android 11
Honor X30 Max/X30i,Honor,2021/08,Android 11
Honor 60/Pro,Honor,2021/12,Android 11
Honor X30,Honor,2021/12,Android 11
Honor Play 30 Plus,Honor,2022/01,Android 11
Huawei U8230,Huawei,2010/03,Android 2.0 Eclair
Huawei U8100,Huawei,2010/07,Android 2.0 Eclair
Huawei IDEOS,Huawei,2010/09,Android 2.2 Froyo
Huawei IDEOS X5,Huawei,2011/04,Android 2.2 Froyo
Huawei Sonic,Huawei,2011/07,Android 2.3 Gingerbread
Huawei Ascend P1,Huawei,2012/07,Android 4.0 Ice Cream Sandwich
Huawei STREAM X GL07S,Huawei,2013/02,Android 4.1 Jelly Bean
Huawei Ascend Mate,Huawei,2013/03,Android 4.1 Jelly Bean
Huawei Ascend P2,Huawei,2013/04,Android 4.1 Jelly Bean
Huawei Ascend P6,Huawei,2013/06,Android 4.1 Jelly Bean
Huawei Ascend Mate 2 4G,Huawei,2014/01,Android 4.1 Jelly Bean
Huawei Ascend P7,Huawei,2014/06,Android 4.4 KitKat
Huawei Enjoy 7 Plus,Huawei,2011/09,Android 7.0 Nougat
Huawei Ascend Mate 7,Huawei,2014/10,Android 4.4 KitKat
Huawei P8,Huawei,2015/04,Android 4.4 KitKat
Huawei Mate S,Huawei,2015/10,Android 5.0 Lollipop
Huawei Mate 8,Huawei,2015/11,Android 6.0 Marshmallow
Huawei P9,Huawei,2016/04,Android 6.0 Marshmallow
Huawei Nova/Plus,Huawei,2016/10,Android 6.0 Marshmallow
Huawei Mate 9,Huawei,2016/12,Android 7.0 Nougat
Huawei P10,Huawei,2017/02,Android 7.0 Nougat
Huawei Nova 2/Plus,Huawei,2017/06,Android 7.0 Nougat
Huawei Mate 10 Lite,Huawei,2017/11,Android 7.0 Nougat
Huawei Mate 10,Huawei,2017/11,Android 8.0 Oreo
Huawei P20,Huawei,2018/03,Android 8.0 Oreo
Huawei Nova 3i/P Smart+,Huawei,2018/07,Android 8.0 Oreo
Huawei Nova 3,Huawei,2018/08,Android 8.0 Oreo
Huawei Mate 20,Huawei,2018/11,Android Pie
Huawei Nova 4,Huawei,2018/12,Android Pie
Huawei Nova 4e,Huawei,2019/03,Android Pie
Huawei P30,Huawei,2019/03,Android Pie
Huawei P30 lite,Huawei,2019/04,Android Pie
Huawei Nova 5/5i/Pro,Huawei,2019/06,Android Pie
Huawei Nova 5i Pro,Huawei,2019/07,Android Pie
Huawei Nova 5T,Huawei,2019/09,Android Pie
Huawei Mate 30,Huawei,2019/09,Android 10
Huawei Nova 5z,Huawei,2019/11,Android Pie
Huawei Nova 6/5G/SE,Huawei,2019/12,Android 10
Huawei Y7p,Huawei,2020/02,Android Pie
Huawei Nova 7i,Huawei,2020/02,Android Pie
Huawei P40 lite,Huawei,2020/03,Android 10
Huawei P40 lite E,Huawei,2020/03,Android Pie
Huawei P40,Huawei,2020/04,Android 10
Huawei Nova 7/Pro/SE,Huawei,2020/04,Android 10
Huawei P40 lite 5G,Huawei,2020/05,Android 10
Huawei Nova 7 SE 5G Youth,Huawei,2020/10,Android 10
Huawei Mate 40,Huawei,2020/11,Android 10
Huawei Nova 8 SE,Huawei,2020/11,Android 10
Huawei Nova 8 5G/Pro,Huawei,2020/12,Android 10
Huawei Mate X2,Huawei,2021/02,Android 10
Huawei Nova 8 Pro 4G,Huawei,2021/05,Android 10
Huawei Nova 8i,Huawei,2021/07,Android 10
Huawei Nova 8 SE Youth,Huawei,2021/08,Android 10
Huawei Nova 9,Huawei,2021/10,Android 11
Huawei Enjoy 20e,Huawei,2021/08,Android 10
Jupiter IO 3,Vaporcade,2016/01,"Android 4.4 ""KitKat"""
Kodak Ektra (phone),Kodak,2017/01,Android 6.0 “Marshmallow”
Lenovo P780,Lenovo,2013/06,Android 4.1 Jelly Bean
Lenovo Vibe Z,Lenovo,2013/11,Android 4.1 Jelly Bean
Lenovo A526,Lenovo,2014/06,Android 4.1 Jelly Bean
Lenovo Vibe Z2 Pro,Lenovo,2014/08,Android 4.4 KitKat
Lenovo Vibe Z2,Lenovo,2014/09,Android 4.4 KitKat
ZUK Z1,Lenovo,2015/08,Android 5.0 Lollipop
Lenovo Vibe P1,Lenovo,2015/09,Android 5.0 Lollipop
Lenovo Vibe K4 Note,Lenovo,2016/01,Android 5.0 Lollipop
Lenovo K5 Note,Lenovo,2016/01,Android 5.0 Lollipop
Lenovo Vibe P1 Turbo,Lenovo,2016/02,Android 5.0 Lollipop
Lenovo Vibe K5/Plus,Lenovo,2016/02,Android 5.0 Lollipop
ZUK Z2,Lenovo,2016/05,Android 6.0 Marshmallow
Lenovo Phab 2/Plus/Pro,Lenovo,2016/06,Android 6.0 Marshmallow
Lenovo K6/Power/Note,Lenovo,2016/09,Android 6.0 Marshmallow
Lenovo P2,Lenovo,2016/09,Android 6.0 Marshmallow
Lenovo Z2 Plus,Lenovo,2017/01,Android 6.0 Marshmallow
Lenovo Legion Pro,Lenovo,2020/07,Android 10
Lenovo Legion Duel,Lenovo,2020/10,Android 10
Lenovo Legion 2 Pro,Lenovo,2021/04,Android 11
Lenovo Legion Duel 2,Lenovo,2021/05,Android 11
LG GW620,LG Electronics,2009/11,"Android 1.5 ""Cupcake"""
LG Optimus Q,LG Electronics,2010/05,Android 2.0 Eclair
LG Optimus,LG Electronics,2010/06,"Android 1.6 ""Donut"""
LG Optimus One,LG Electronics,2010/10,Android 2.2 Froyo
LG Optimus Chic,LG Electronics,2010/11,Android 2.2 Froyo
LG Optimus 2X,LG Electronics,2011/02,Android 2.2 Froyo
LG Optimus Black,LG Electronics,2011/05,Android 2.2 Froyo
LG Optimus 3D,LG Electronics,2011/07,Android 2.2 Froyo
LG Optimus Slider,LG Electronics,2011/10,Android 2.3 Gingerbread
LG Optimus LTE (LU6200),LG Electronics,2012/01,Android 2.3 Gingerbread
LG Optimus 4X HD,LG Electronics,2012/06,Android 4.0 Ice Cream Sandwich
LG Optimus LTE (SU640),LG Electronics,2012/08,Android 2.3 Gingerbread
LG Optimus L9,LG Electronics,2012/11,Android 4.0 Ice Cream Sandwich
LG Optimus Vu,LG Electronics,2012/11,Android 4.0 Ice Cream Sandwich
LG Optimus G,LG Electronics,2013/01,Android 4.0 Ice Cream Sandwich
LG G2,LG Electronics,2013/09,Android 4.1 Jelly Bean
LG G Flex,LG Electronics,2013/11,Android 4.1 Jelly Bean
LG G Pro Lite,LG Electronics,2013/11,Android 4.1 Jelly Bean
LG Gx,LG Electronics,2014/01,Android 4.1 Jelly Bean
LG G2 Mini,LG Electronics,2014/04,Android 4.4 KitKat
LG G Pro 2,LG Electronics,2014/04,Android 4.4 KitKat
LG G3,LG Electronics,2014/05,Android 4.4 KitKat
LG G3 Stylus,LG Electronics,2014/10,Android 4.4 KitKat
LG G Flex 2,LG Electronics,2015/02,Android 5.0 Lollipop
LG G4,LG Electronics,2015/04,Android 5.0 Lollipop
LG V10,LG Electronics,2015/10,Android 5.0 Lollipop
LG K10 (2016),LG Electronics,2016/01,Android 5.0 Lollipop
LG G5,LG Electronics,2016/04,Android 6.0 Marshmallow
LG V20,LG Electronics,2016/10,Android 7.0 Nougat
LG K10 (2017),LG Electronics,2017/02,Android 7.0 Nougat
LG G6,LG Electronics,2017/05,Android 7.0 Nougat
LG V30,LG Electronics,2017/10,Android 7.0 Nougat
LG G7 ThinQ,LG Electronics,2018/05,Android 8.0 Oreo
LG V35 ThinQ,LG Electronics,2018/06,Android 8.0 Oreo
LG K10 (2018),LG Electronics,2018/06,Android 7.0 Nougat
LG V40 ThinQ,LG Electronics,2018/10,Android 8.0 Oreo
LG G8 ThinQ,LG Electronics,2019/04,Android Pie
LG V50 ThinQ,LG Electronics,2019/05,Android Pie
LG Stylo 5,LG Electronics,2019/06,Android Pie
LG W10/W30,LG Electronics,2019/07,Android Pie
LG W30 Pro,LG Electronics,2019/10,Android Pie
LG W10 Alpha,LG Electronics,2020/02,Android Pie
LG Q51,LG Electronics,2020/02,Android 10
LG V60 ThinQ,LG Electronics,2020/03,Android 10
LG Velvet,LG Electronics,2020/05,Android 10
LG Stylo 6,LG Electronics,2020/05,Android 10
LG Q61,LG Electronics,2020/05,Android 10
LG K31,LG Electronics,2020/08,Android 10
LG Q92 5G,LG Electronics,2020/08,Android 10
LG K22,LG Electronics,2020/09,Android 10
LG K42/K71,LG Electronics,2020/09,Android 10
LG Q31,LG Electronics,2020/09,Android 10
LG Wing,LG Electronics,2020/10,Android 10
LG Q52,LG Electronics,2020/10,Android 10
LG K52/K62,LG Electronics,2020/11,Android 10
LG K92 5G,LG Electronics,2020/11,Android 10
LG W31/+,LG Electronics,2020/12,Android 10
LG W41/+/Pro,LG Electronics,2021/03,Android 10
Marshall London,Marshall Amplification,2015/01,"Android 5.02 ""Lollipop"""
Meizu M9,Meizu,2011/01,Android 2.2 Froyo
Meizu MX,Meizu,2011/12,Android 2.3 Gingerbread
Meizu MX 4-core,Meizu,2012/06,Android 4.0 Ice Cream Sandwich
Meizu MX2,Meizu,2012/11,Android 4.1 Jelly Bean
Meizu MX3,Meizu,2013/09,Android 4.1 Jelly Bean
Meizu MX4,Meizu,2014/09,Android 4.4 KitKat
Meizu MX4 Pro,Meizu,2014/10,Android 4.4 KitKat
Meizu M1/1 Note,Meizu,2015/01,Android 4.4 KitKat
Meizu M2 Note,Meizu,2015/06,Android 5.0 Lollipop
Meizu MX5,Meizu,2015/06,Android 5.0 Lollipop
Meizu M2,Meizu,2015/07,Android 5.0 Lollipop
Meizu PRO 5,Meizu,2015/09,Android 5.0 Lollipop
Meizu M1 Metal,Meizu,2015/10,Android 5.0 Lollipop
Meizu MX5e,Meizu,2016/04,Android 6.0 Marshmallow
Meizu M3 Note,Meizu,2016/04,Android 5.0 Lollipop
Meizu PRO 6,Meizu,2016/04,Android 6.0 Marshmallow
Meizu M3,Meizu,2016/04,Android 5.0 Lollipop
Meizu M3s,Meizu,2016/06,Android 5.0 Lollipop
Meizu MX6,Meizu,2016/07,Android 6.0 Marshmallow
Meizu M3E,Meizu,2016/08,Android 5.0 Lollipop
Meizu U10/20,Meizu,2016/08,Android 6.0 Marshmallow
Meizu M3 Max,Meizu,2016/09,Android 6.0 Marshmallow
Meizu M5,Meizu,2016/10,Android 6.0 Marshmallow
Meizu PRO 6s,Meizu,2016/11,Android 6.0 Marshmallow
Meizu M3x,Meizu,2016/11,Android 6.0 Marshmallow
Meizu PRO 6 Plus,Meizu,2016/11,Android 6.0 Marshmallow
Meizu M5 Note,Meizu,2016/12,Android 6.0 Marshmallow
Meizu M5s,Meizu,2017/02,Android 6.0 Marshmallow
Meizu E2,Meizu,2017/04,Android 7.0 Nougat
Meizu M5c,Meizu,2017/05,Android 6.0 Marshmallow
Meizu PRO 7/Plus,Meizu,2017/07,Android 7.0 Nougat
Meizu M6 Note,Meizu,2017/08,Android 7.0 Nougat
Meizu M6,Meizu,2017/09,Android 7.0 Nougat
Meizu M6s,Meizu,2018/01,Android 7.0 Nougat
Meizu E3,Meizu,2018/03,Android 7.0 Nougat
Meizu 15/Pro/Lite,Meizu,2018/04,Android 7.0 Nougat
Meizu M8c,Meizu,2018/05,Android 7.0 Nougat
Meizu M6T,Meizu,2018/05,Android 7.0 Nougat
Meizu 16th/Plus,Meizu,2018/08,Android 8.0 Oreo
Meizu 16X,Meizu,2018/09,Android 8.0 Oreo
Meizu V8/Pro,Meizu,2018/09,Android 8.0 Oreo
Meizu X8,Meizu,2018/09,Android 8.0 Oreo
Meizu Note 8,Meizu,2018/10,Android 8.0 Oreo
Meizu C9/Pro,Meizu,2018/12,Android 8.0 Oreo
Meizu Note 9,Meizu,2019/03,Android Pie
Meizu M10,Meizu,2019/09,Android Pie
Meizu 16s,Meizu,2019/04,Android Pie
Meizu 16Xs,Meizu,2019/05,Android Pie
Meizu 16s Pro,Meizu,2019/08,Android Pie
Meizu 16T,Meizu,2019/10,Android Pie
Meizu 17/Pro,Meizu,2020/05,Android 10
Meizu 18/Pro,Meizu,2021/03,Android 11
Meizu 18s/Pro,Meizu,2021/09,Android 11
Meizu 18X,Meizu,2021/09,Android 11
Mode Phone MP1,Mode,2021/01,Android 10 Queen Cake
Motorola Cliq,Motorola,2009/10,"Android 1.5 ""Cupcake"""
Motorola Droid,Motorola,2009/11,Android 2.0 Eclair
Motorola Backflip,Motorola,2010/03,"Android 1.5 ""Cupcake"""
Motorola Flipout,Motorola,2010/06,Android 2.0 Eclair
Motorola Droid X,Motorola,2010/07,Android 2.0 Eclair
Motorola Charm,Motorola,2010/08,Android 2.0 Eclair
Motorola Droid 2,Motorola,2010/08,Android 2.2 Froyo
Motorola Defy,Motorola,2010/10,Android 2.0 Eclair
Motorola Droid Pro,Motorola,2010/11,Android 2.2 Froyo
Motorola Atrix 4G,Motorola Mobility,2011/02,Android 2.3 Gingerbread
Motorola Droid 3,Motorola Mobility,2011/07,Android 2.3 Gingerbread
Motorola Droid Bionic,Motorola Mobility,2011/09,Android 2.3 Gingerbread
Motorola Atrix 2,Motorola Mobility,2011/10,Android 2.3 Gingerbread
Motorola Droid Razr,Motorola Mobility,2011/11,Android 2.3 Gingerbread
Motorola Droid 4,Motorola Mobility,2012/02,Android 2.3 Gingerbread
Motorola Atrix HD,Motorola Mobility,2012/07,Android 4.0 Ice Cream Sandwich
Motorola Photon Q,Motorola Mobility,2012/08,Android 4.0 Ice Cream Sandwich
Motorola Droid Razr M,Motorola Mobility,2012/09,Android 4.0 Ice Cream Sandwich
Motorola Droid Razr HD,Motorola Mobility,2012/10,Android 4.0 Ice Cream Sandwich
Motorola Droid Maxx,Motorola Mobility,2013/08,Android 4.1 Jelly Bean
Motorola Droid Mini,Motorola Mobility,2013/08,Android 4.1 Jelly Bean
Moto X (1st generation),Motorola Mobility,2013/08,Android 4.1 Jelly Bean
Moto G (1st generation),Motorola Mobility,2013/11,Android 4.1 Jelly Bean
Moto E (1st generation),Motorola Mobility,2014/05,Android 4.4 KitKat
Moto G (2nd generation),Motorola Mobility,2014/09,Android 4.4 KitKat
Moto X (2nd generation),Motorola Mobility,2014/09,Android 4.4 KitKat
Motorola Droid Turbo,Motorola Mobility,2014/10,Android 4.4 KitKat
Moto E (2nd generation),Motorola Mobility,2015/02,Android 5.0 Lollipop
Moto G (3rd generation),Motorola Mobility,2015/07,Android 5.0 Lollipop
Moto X Play,Motorola Mobility,2015/07,Android 5.0 Lollipop
Moto X Style,Motorola Mobility,2015/09,Android 5.0 Lollipop
Moto G4,Motorola Mobility,2016/05,Android 6.0 Marshmallow
Moto E3,Motorola Mobility,2016/07,Android 6.0 Marshmallow
Moto Z,Motorola Mobility,2016/09,Android 6.0 Marshmallow
Moto Z Play,Motorola Mobility,2016/09,Android 6.0 Marshmallow
Moto G5,Motorola Mobility,2017/03,Android 7.0 Nougat
Moto C,Motorola Mobility,2017/05,Android 7.0 Nougat
Moto E4,Motorola Mobility,2017/06,Android 7.0 Nougat
Moto Z2 Play,Motorola Mobility,2017/06,Android 7.0 Nougat
Moto Z2 Force,Motorola Mobility,2017/08,Android 7.0 Nougat
Moto X4,Motorola Mobility,2017/09,Android 7.0 Nougat
Moto E5,Motorola Mobility,2018/05,Android 8.0 Oreo
Moto G6,Motorola Mobility,2018/05,Android 8.0 Oreo
Moto Z3 Play,Motorola Mobility,2018/06,Android 8.0 Oreo
Moto Z3,Motorola Mobility,2018/08,Android 8.0 Oreo
Motorola One/One Power,Motorola Mobility,2018/10,Android 8.0 Oreo
Moto G7,Motorola Mobility,2019/03,Android Pie
Motorola One Vision,Motorola Mobility,2019/06,Android Pie
Moto Z4,Motorola Mobility,2019/06,Android Pie
Motorola One Zoom,Motorola Mobility,2019/09,Android Pie
Moto G8 Plus,Motorola Mobility,2019/10,Android Pie
Motorola One Macro,Motorola Mobility,2019/10,Android Pie
Motorola One Action,Motorola Mobility,2019/10,Android Pie
Motorola Razr (4G),Motorola Mobility,2019/11,Android Pie
Motorola One Hyper,Motorola Mobility,2020/01,Android 10
Moto G8 Power,Motorola Mobility,2020/02,Android 10
Moto G Power/Stylus,Motorola Mobility,2020/02,Android 10
Moto G8,Motorola Mobility,2020/03,Android 10
Moto E6s (2020),Motorola Mobility,2020/03,Android Pie
Moto G8 Power Lite,Motorola Mobility,2020/04,Android Pie
Motorola Edge/Edge+,Motorola Mobility,2020/05,Android 10
Moto G Pro,Motorola Mobility,2020/05,Android 10
Moto E (2020),Motorola Mobility,2020/06,Android 10
Moto G Fast,Motorola Mobility,2020/06,Android 10
Motorola One Fusion+,Motorola Mobility,2020/06,Android 10
Motorola One Fusion,Motorola Mobility,2020/07,Android 10
Moto G 5G Plus,Motorola Mobility,2020/07,Android 10
Moto G9 Play,Motorola Mobility,2020/08,Android 10
Moto G9 Plus,Motorola Mobility,2020/09,Android 10
Moto E7 Plus,Motorola Mobility,2020/09,Android 10
Motorola Razr (5G),Motorola Mobility,2020/09,Android 10
Moto G9 Power,Motorola Mobility,2020/12,Android 10
Moto G 5G,Motorola Mobility,2020/12,Android 10
Moto E7,Motorola Mobility,2020/12,Android 10
Moto G Play (2021),Motorola Mobility,2021/01,Android 10
Moto G Power (2021),Motorola Mobility,2021/01,Android 10
Moto G Stylus (2021),Motorola Mobility,2021/01,Android 10
Moto E6i,Motorola Mobility,2021/02,Android 10
Moto E7 Power,Motorola Mobility,2021/02,Android 10
Moto G10,Motorola Mobility,2021/03,Android 11
Moto G30,Motorola Mobility,2021/03,Android 11
Moto G10 Power,Motorola Mobility,2021/03,Android 11
Moto G50,Motorola Mobility,2021/04,Android 11
Moto G100,Motorola Mobility,2021/04,Android 11
Moto G60,Motorola Mobility,2021/04,Android 11
Moto G40 Fusion,Motorola Mobility,2021/05,Android 11
Moto G20,Motorola Mobility,2021/06,Android 11
Moto G Stylus 5G,Motorola Mobility,2021/06,Android 11
Motorola Defy (2021),Motorola Mobility,2021/07,Android 10
Moto G50 5G,Motorola Mobility,2021/08,Android 11
Moto G60S,Motorola Mobility,2021/08,Android 11
Motorola Edge 20,Motorola Mobility,2021/08,Android 11
Motorola Edge (2021),Motorola Mobility,2021/09,Android 11
MyPhone myA1 Plus,MyPhone,2020/09,"Android 9.0 ""Pie"" (Go Edition)"
MyPhone myA17,MyPhone,2020/09,"Android 9.0 ""Pie"" (Go Edition)"
MyPhone myA18,MyPhone,N/A,"Android 9.0 ""Pie"" (Go Edition)"
MyPhone myP1,MyPhone,2020/08,"Android 9.0 ""Pie"""
MyPhone myG1,MyPhone,N/A,"Android 9.0 ""Pie"" (Go Edition)"
MyPhone myXl1,MyPhone,N/A,"Android 8.1 ""Oreo"" (Go Edition)"
MyPhone myXl1 Pro,MyPhone,N/A,"Android 9.0 ""Pie"""
MyPhone myXl1 Plus,MyPhone,N/A,"Android 9.0 ""Pie"""
MyPhone myX12,MyPhone,N/A,"Android 9.0 ""Pie"""
MyPhone myXl3,MyPhone,N/A,"Android 9.0 ""Pie"""
Nextbit Robin,Nextbit,2016/02,Android 5.0 Lollipop
Nexus One,HTC/Google,2010/01,Android 2.0 Eclair
Nexus S,Samsung Electronics/Google,2010/12,Android 2.3 Gingerbread
Galaxy Nexus,Samsung Electronics/Google,2011/11,Android 4.0 Ice Cream Sandwich
Nexus 4,LG Electronics/Google,2012/11,Android 4.1 Jelly Bean
Nexus 5,LG Electronics/Google,2013/10,Android 4.4 KitKat
Nexus 6,Motorola Mobility/Google,2014/11,Android 5.0 Lollipop
Nexus 5X,LG Electronics/Google,2015/09,Android 6.0 Marshmallow
Nexus 6P,Huawei/Google,2015/09,Android 6.0 Marshmallow
Nokia X,Nokia,2014/02,Android 4.1 Jelly Bean
Nokia XL,Microsoft Mobile,2014/05,Android 4.1 Jelly Bean
Nokia X2,Microsoft Mobile,2014/06,Android 4.1 Jelly Bean
Nokia 6,HMD Global,2017/01,Android 7.0 Nougat
Nokia 3,HMD Global,2017/06,Android 7.0 Nougat
Nokia 5,HMD Global,2017/07,Android 7.0 Nougat
Nokia 7,HMD Global,2017/10,Android 7.0 Nougat
Nokia 8,HMD Global,2017/10,Android 7.0 Nougat
Nokia 2,HMD Global,2017/11,Android 7.0 Nougat
Nokia 7 Plus,HMD Global,2018/03,Android 8.0 Oreo
Nokia 1,HMD Global,2018/04,Android 8.0 Oreo
Nokia 6.1,HMD Global,2018/04,Android 8.0 Oreo
Nokia 8 Sirocco,HMD Global,2018/04,Android 8.0 Oreo
Nokia 3.1,HMD Global,2018/05,Android 8.0 Oreo
Nokia 5.1 Plus,HMD Global,2018/07,Android 8.0 Oreo
Nokia 2.1,HMD Global,2018/08,Android 8.0 Oreo
Nokia 5.1,HMD Global,2018/08,Android 8.0 Oreo
Nokia 6.1 Plus,HMD Global,2018/08,Android 8.0 Oreo
Nokia 3.1 Plus,HMD Global,2018/10,Android 8.0 Oreo
Nokia 7.1,HMD Global,2018/10,Android 8.0 Oreo
Nokia 8.1,HMD Global,2018/12,Android Pie
Nokia 9 PureView,HMD Global,2019/02,Android Pie
Nokia 1 Plus,HMD Global,2019/03,Android Pie
Nokia 4.2,HMD Global,2019/04,Android Pie
Nokia 3.2,HMD Global,2019/05,Android Pie
Nokia 2.2,HMD Global,2019/06,Android Pie
Nokia 6.2,HMD Global,2019/09,Android Pie
Nokia 7.2,HMD Global,2019/09,Android Pie
Nokia 2.3,HMD Global,2019/12,Android Pie
Nokia C1,HMD Global,2019/12,Android Pie
Nokia C2,HMD Global,2020/03,Android Pie
Nokia 1.3,HMD Global,2020/04,Android 10
Nokia 5.3,HMD Global,2020/04,Android 10
Nokia C2 Tava,HMD Global,2020/05,Android 10
Nokia C5 Endi,HMD Global,2020/06,Android 10
Nokia C2 Tennen,HMD Global,2020/06,Android 10
Nokia C3,HMD Global,2020/08,Android 10
Nokia 2.4,HMD Global,2020/09,Android 10
Nokia 3.4,HMD Global,2020/10,Android 10
Nokia C1 Plus,HMD Global,2020/12,Android 10
Nokia 5.4,HMD Global,2021/01,Android 10
Nokia 1.4,HMD Global,2021/02,Android 10
Nokia C20,HMD Global,2021/04,Android 11
Nokia G10,HMD Global,2021/04,Android 11
Nokia G20,HMD Global,2021/05,Android 11
Nokia X20,HMD Global,2021/05,Android 11
Nokia C10,HMD Global,2021/06,Android 11
Nokia X10,HMD Global,2021/06,Android 11
Nokia C01 Plus,HMD Global,2021/06,Android 11
Nokia C20 Plus,HMD Global,2021/06,Android 11
Nokia C30,HMD Global,2021/08,Android 11
Nokia XR20,HMD Global,2021/08,Android 11
Nubia Z5,ZTE,2012/12,Android 4.1 Jelly Bean
Nubia Z5S,ZTE,2013/12,Android 4.1 Jelly Bean
Nubia Z5S mini NX403A,ZTE,2013/12,Android 4.1 Jelly Bean
Nubia X6,ZTE,2014/03,Android 4.1 Jelly Bean
Nubia Z7/Max/mini,ZTE,2014/07,Android 4.4 KitKat
Nubia Z5S mini NX405H,ZTE,2014/08,Android 4.1 Jelly Bean
Nubia Z9 Max,ZTE,2015/04,Android 5.0 Lollipop
Nubia Z9 mini,ZTE,2015/04,Android 5.0 Lollipop
Nubia Z9,ZTE,2015/05,Android 5.0 Lollipop
Nubia My Prague,ZTE,2015/06,Android 5.0 Lollipop
Nubia Prague S,ZTE,2016/01,Android 5.0 Lollipop
Nubia Z11 mini,ZTE,2016/04,Android 5.0 Lollipop
Nubia Z11 Max,ZTE,2016/06,Android 5.0 Lollipop
Nubia Z11,ZTE,2016/06,Android 6.0 Marshmallow
Nubia N1,ZTE,2016/07,Android 6.0 Marshmallow
Nubia Z11 mini S,ZTE,2016/10,Android 6.0 Marshmallow
Nubia M2/lite,ZTE,2017/03,Android 6.0 Marshmallow
Nubia N2,ZTE,2017/03,Android 6.0 Marshmallow
Nubia N1 lite,ZTE,2017/04,Android 6.0 Marshmallow
Nubia Z17 mini,ZTE,2017/04,Android 6.0 Marshmallow
Nubia Z17,ZTE,2017/06,Android 7.0 Nougat
Nubia Z17 lite,ZTE,2017/08,Android 7.0 Nougat
Nubia Z17 miniS,ZTE,2017/10,Android 7.0 Nougat
Nubia Z17s,ZTE,2017/10,Android 7.0 Nougat
Nubia N3,ZTE,2018/03,Android 7.0 Nougat
Nubia V18,ZTE,2018/03,Android 7.0 Nougat
Nubia Z18 mini,ZTE,2018/04,Android 8.0 Oreo
Nubia Red Magic,ZTE,2018/04,Android 8.0 Oreo
Nubia Z18,ZTE,2018/09,Android 8.0 Oreo
Nubia X,ZTE,2018/11,Android 8.0 Oreo
Nubia Red Magic Mars,ZTE,2018/12,Android Pie
Nubia Red Magic 3,ZTE,2019/05,Android Pie
Nubia Z20,ZTE,2019/08,Android Pie
Nubia Red Magic 3s,ZTE,2019/09,Android Pie
Nubia Red Magic 5G,ZTE,2020/03,Android 10
Nubia Play,ZTE,2020/06,Android 10
Nubia Red Magic 5G Lite,ZTE,2020/06,Android 10
Nubia Red Magic 5S,ZTE,2020/08,Android 10
Nubia Red Magic 6/Pro,ZTE,2021/03,Android 11
OnePlus One,OnePlus,2014/04,Android 4.4 KitKat
OnePlus 2,OnePlus,2015/07,Android 5.0 Lollipop
OnePlus X,OnePlus,2015/10,Android 5.0 Lollipop
OnePlus 3,OnePlus,2016/06,Android 6.0 Marshmallow
OnePlus 3T,OnePlus,2016/11,Android 6.0 Marshmallow
OnePlus 5,OnePlus,2017/06,Android 7.0 Nougat
OnePlus 5T,OnePlus,2017/11,Android 7.0 Nougat
OnePlus 6,OnePlus,2018/04,Android 8.0 Oreo
OnePlus 6T,OnePlus,2018/11,Android Pie
OnePlus 7,OnePlus,2019/05,Android Pie
OnePlus 7 Pro,OnePlus,2019/05,Android Pie
OnePlus 7T,OnePlus,2019/10,Android 10
OnePlus 7T Pro,OnePlus,2019/10,Android 10
OnePlus 8,OnePlus,2020/04,Android 10
OnePlus 8 Pro,OnePlus,2020/04,Android 10
OnePlus Nord,OnePlus,2020/08,Android 10
OnePlus 8T,OnePlus,2020/10,Android 11
OnePlus Nord N10 5G,OnePlus,2020/11,Android 10
OnePlus Nord N100,OnePlus,2020/11,Android 10
OnePlus 9,OnePlus,2021/03,Android 11
OnePlus 9 Pro,OnePlus,2021/03,Android 11
OnePlus Nord CE 5G,OnePlus,2021/06,Android 11
OnePlus Nord N200 5G,OnePlus,2021/06,Android 11
OnePlus Nord 2 5G,OnePlus,2021/07,Android 11
Oppo Find,Oppo,2012/06,Android 4.0 Ice Cream Sandwich
Oppo Find 5,Oppo,2012/12,Android 4.1 Jelly Bean
Oppo N1,Oppo,2013/12,Android 4.1 Jelly Bean
Oppo Find 5 Mini,Oppo,2014/01,Android 4.1 Jelly Bean
Oppo Neo,Oppo,2014/02,Android 4.1 Jelly Bean
Oppo Find 7/7a,Oppo,2014/03,Android 4.1 Jelly Bean
Oppo Joy,Oppo,2014/02,Android 4.1 Jelly Bean
Oppo N1 mini,Oppo,2014/08,Android 4.1 Jelly Bean
Oppo Neo 3/5,Oppo,2014/08,Android 4.1 Jelly Bean
Oppo N3,Oppo,2014/10,Android 4.4 KitKat
Oppo Joy Plus,Oppo,2015/08,Android 4.4 KitKat
Oppo Neo 5s,Oppo,2015/05,Android 4.4 KitKat
Oppo R7,Oppo,2015/05,Android 4.4 KitKat
Oppo Neo 5 (2015),Oppo,2015/08,Android 4.4 KitKat
Oppo Joy 3,Oppo,2015/08,Android 4.4 KitKat
Oppo Neo 7,Oppo,2015/10,Android 5.0 Lollipop
Oppo F1,Oppo,2016/01,Android 5.0 Lollipop
Oppo R11,Oppo,2017/06,Android 7.0 Nougat
Oppo F7,Oppo,2018/04,Android 8.0 Oreo
Oppo R15 Pro,Oppo,2018/04,Android 8.0 Oreo
Oppo Find X,Oppo,2018/07,Android 8.0 Oreo
Oppo F9,Oppo,2018/08,Android 8.0 Oreo
Oppo R17,Oppo,2018/09,Android 8.0 Oreo
Oppo Reno,Oppo,2019/04,Android Pie
Oppo Reno2,Oppo,2019/09,Android Pie
Oppo A9 (2020),Oppo,2019/09,Android Pie
Oppo Reno3 5G/Pro 5G,Oppo,2019/12,Android 10
Oppo Reno3 Pro,Oppo,2020/03,Android 10
Oppo Find X2/Pro,Oppo,2020/03,Android 10
Oppo Reno3,Oppo,2020/03,Android 10
Oppo Ace2,Oppo,2020/04,Android 10
Oppo A12,Oppo,2020/04,Android Pie
Oppo A52,Oppo,2020/04,Android 10
Oppo A72/A92s,Oppo,2020/04,Android 10
Oppo Find X2 Lite/Neo,Oppo,2020/05,Android 10
Oppo A92,Oppo,2020/05,Android 10
Oppo Reno4 5G/Pro 5G,Oppo,2020/06,Android 10
Oppo A12s,Oppo,2020/07,Android Pie
Oppo A72 5G,Oppo,2020/07,Android 10
Oppo Reno4/Pro,Oppo,2020/08,Android 10
Oppo F17/Pro,Oppo,2020/09,Android 10
Oppo Reno4 SE,Oppo,2020/09,Android 10
Oppo Reno4 Lite,Oppo,2020/09,Android 10
Oppo Reno4 Z 5G,Oppo,2020/10,Android 10
Oppo A93/Reno4 F,Oppo,2020/10,Android 10
Oppo A73,Oppo,2020/11,Android 10
Oppo A73 5G,Oppo,2020/11,Android 10
Oppo Reno5 5G/Pro 5G/Pro+ 5G,Oppo,2021/01,Android 11
Oppo Reno5,Oppo,2021/01,Android 11
Oppo Find X3/Pro,Oppo,2021/03,Android 11
Oppo Find X3 Neo/Lite,Oppo,2021/03,Android 11
Palm,"Palm, Inc.",2018/10,Android 8.0 Oreo
Panasonic P100,Panasonic,2018/02,Android 7.0 Nougat
Pepsi P1/P1S,Pepsi,2018/02,"Android 5.1 ""Lollipop"""
Pixel/XL,Google,2016/10,"Android 7.1 ""Nougat"""
Pixel 2/XL,Google,2017/10,Android 8.0 Oreo
Pixel 3/XL,Google,2018/10,Android Pie
Pixel 3a/XL,Google,2019/03,Android Pie
Pixel 4/XL,Google,2019/10,Android 10
Pixel 4a,Google,2020/08,Android 10
Pixel 4a (5G),Google,2020/11,Android 11
Pixel 5,Google,2020/10,Android 11
Pixel 5a,Google,2021/8,Android 11
Pixel 6/Pro,Google,2021/10,Android 12
Q Phone,Qoobex,2017/01,Android 9 Pie
Razer Phone,Razer Inc.,2017/01,Android 7.0 Nougat
Razer Phone 2,Razer Inc.,2018/10,Android 8.0 Oreo
Realme 1,Realme,2018/05,"Android 8.1 ""Oreo"""
Realme 2,Realme,2018/09,"Android 8.1 ""Oreo"""
Realme C1,Realme,2018/10,"Android 8.1 ""Oreo"""
Realme 2 Pro,Realme,2018/10,"Android 8.1 ""Oreo"""
Realme U1,Realme,2018/12,"Android 8.1 ""Oreo"""
Realme 3,Realme,2019/03,Android Pie
Realme C2,Realme,2019/05,Android Pie
Realme 3 Pro,Realme,2019/05,Android Pie
Realme X,Realme,2019/07,Android Pie
Realme 3i,Realme,2019/07,Android Pie
Realme 5,Realme,2019/08,Android Pie
Realme 5 Pro,Realme,2019/09,Android Pie
Realme XT,Realme,2019/09,Android Pie
Realme X2,Realme,2019/09,Android Pie
Realme X2 Pro,Realme,2019/10,Android Pie
Realme 5i,Realme,2020/01,Android Pie
Realme X50,Realme,2020/01,Android 10
Realme C3,Realme,2020/02,Android 10
Realme X50 Pro,Realme,2020/03,Android 10
Realme 6,Realme,2020/03,Android 10
Realme 6 Pro,Realme,2020/03,Android 10
Realme 6i,Realme,2020/03,Android 10
Realme X50 Pro Player,Realme,2020/06,Android 10
Realme X3 SuperZoom,Realme,2020/06,Android 10
Realme Narzo,Realme,2020/06,Android 10
Realme C3i,Realme,2020/06,Android 10
Realme X3,Realme,2020/06,Android 10
Realme C11,Realme,2020/06,Android 10
Realme C15,Realme,2020/07,Android 10
Realme V5,Realme,2020/08,Android 10
Realme C12,Realme,2020/08,Android 10
Realme V3,Realme,2020/09,Android 10
Realme X7/Pro,Realme,2020/09,Android 10
Realme 7 (Asia)/Pro,Realme,2020/09,Android 10
Realme 7i,Realme,2020/09,Android 10
Realme C17,Realme,2020/09,Android 10
Realme Narzo 20/Pro/20A,Realme,2020/09,Android 10
Realme 7 (Global),Realme,2020/10,Android 10
Realme Q2/Pro/2i,Realme,2020/10,Android 10
Realme 7 5G,Realme,2020/11,Android 10
Realme 7i (Global),Realme,2020/12,Android 10
Realme V15,Realme,2021/01,Android 10
Realme C20,Realme,2021/01,Android 10
Realme X7 (India),Realme,2021/02,Android 10
Realme V11,Realme,2021/02,Android 11
Realme Narzo 30 Pro/30A,Realme,2020/03,Android 10
Realme C21,Realme,2021/03,Android 10
Realme GT,Realme,2021/03,Android 11
Realme C25,Realme,2021/03,Android 11
Realme 8/Pro,Realme,2021/03,Android 11
Realme V13,Realme,2021/04,Android 11
Realme GT Neo,Realme,2021/04,Android 11
Realme X7 Pro Ultra,Realme,2021/04,Android 11
Realme 8 5G,Realme,2021/04,Android 11
Realme Q3/Pro/3i,Realme,2021/04,Android 11
Realme C20A,Realme,2021/05,Android 10
Realme narzo 30,Realme,2021/05,Android 11
Realme GT Neo Flash,Realme,2021/06,Android 11
Realme Q3 Pro Carnival,Realme,2021/06,Android 11
Realme narzo 30 5G,Realme,2021/06,Android 11
Realme X7 Max,Realme,2021/06,Android 11
Realme C25s,Realme,2021/06,Android 11
Realme C11 2021,Realme,2021/06,Android 11
Realme C21Y,Realme,2021/07,Android 11
Realme GT Master Edition,Realme,2021/07,Android 11
Realme GT Explorer Master Edition,Realme,2021/07,Android 11
Realme 8i/8s 5G,Realme,2021/09,Android 11
Realme C25Y,Realme,2021/09,Android 11
Realme GT Neo2,Realme,2021/09,Android 11
Realme V11s,Realme,2021/10,Android 11
Realme narzo 50A/50i,Realme,2021/10,Android 11
Realme Q3s,Realme,2021/11,Android 11
Realme GT Neo2T,Realme,2021/11,Android 11
Realme Q3t,Realme,2021/11,Android 11
Redmi 1,Xiaomi,2013/08,"Android 4.2 ""Jelly Bean"""
Redmi 1S,Xiaomi,2014/02,"Android 4.3 ""Jelly Bean"""
Redmi Note (3G),Xiaomi,2014/03,"Android 4.2 ""Jelly Bean"""
Redmi Note 4G,Xiaomi,2014/08,"Android 4.2 ""Jelly Bean"""
Redmi Note Prime,Xiaomi,2014/12,Android 4.4 KitKat
Redmi 2,Xiaomi,2015/01,Android 4.4 KitKat
Redmi 2A,Xiaomi,2015/04,Android 4.4 KitKat
Redmi 2 Prime,Xiaomi,2015/08,Android 4.4 KitKat
Redmi Note 2,Xiaomi,2015/08,Android 5.0 Lollipop
Redmi 2 Pro,Xiaomi,2015/10,Android 4.4 KitKat
Redmi Note 3 (MTK),Xiaomi,2015/11,Android 5.0 Lollipop
Redmi 3,Xiaomi,2016/01,"Android 5.1 ""Lollipop"""
Redmi Note 3/Pro,Xiaomi,2016/03,"Android 5.1 ""Lollipop"""
Redmi 3 Pro,Xiaomi,2016/04,"Android 5.1 ""Lollipop"""
Redmi 3S,Xiaomi,2016/06,Android 6.0 Marshmallow
Redmi 3X,Xiaomi,2016/07,Android 6.0 Marshmallow
Redmi 3S Prime,Xiaomi,2016/08,Android 6.0 Marshmallow
Redmi Pro,Xiaomi,2016/08,Android 6.0 Marshmallow
Redmi Note 4 (MTK),Xiaomi,2016/08,Android 6.0 Marshmallow
Redmi 4/Pro/Prime,Xiaomi,2016/08,Android 6.0 Marshmallow
Redmi 4A,Xiaomi,2016/11,Android 6.0 Marshmallow
Redmi Note 4/4X,Xiaomi,2017/01,Android 6.0 Marshmallow
Redmi 4X,Xiaomi,2017/02,Android 6.0 Marshmallow
Redmi Note 5A/Prime,Xiaomi,2017/09,"Android 7.1 ""Nougat"""
Redmi 5A,Xiaomi,2017/10,"Android 7.1 ""Nougat"""
Redmi 5/5 Plus,Xiaomi,2017/12,"Android 7.1 ""Nougat"""
Redmi Note 5 Pro,Xiaomi,2018/02,"Android 7.1 ""Nougat"""
Redmi Note 5,Xiaomi,2018/03,"Android 8.1 ""Oreo"""
Redmi S2/Y2,Xiaomi,2018/05,"Android 8.1 ""Oreo"""
Redmi 6/6A/6 Pro,Xiaomi,2018/06,"Android 8.1 ""Oreo"""
Redmi Note 6 Pro,Xiaomi,2018/10,"Android 8.1 ""Oreo"""
Redmi Note 7,Xiaomi,2019/02,Android Pie
Redmi Go,Xiaomi,2019/02,Android 8.0 Oreo
Redmi Note 7 Pro,Xiaomi,2019/03,Android Pie
Redmi 7,Xiaomi,2019/03,Android Pie
Redmi Y3,Xiaomi,2019/04,Android Pie
Redmi 7A,Xiaomi,2019/05,Android Pie
Redmi K20/Pro,Xiaomi,2019/06,Android Pie
Redmi Note 8/Pro,Xiaomi,2019/09,Android Pie
Redmi 8A,Xiaomi,2019/09,Android Pie
Redmi 8,Xiaomi,2019/10,Android Pie
Redmi Note 8T,Xiaomi,2019/11,Android Pie
Redmi K30/5G,Xiaomi,2019/12,Android 10
Redmi 8A Dual,Xiaomi,2020/02,Android Pie
Redmi Note 9 Pro (India)/Pro Max/9S,Xiaomi,2020/03,Android 10
Redmi K30 Pro/Pro Zoom,Xiaomi,2020/03,Android 10
Redmi Note 9/Pro (Global),Xiaomi,2020/05,Android 10
Redmi 10X/Pro,Xiaomi,2020/06,Android 10
Redmi 9,Xiaomi,2020/06,Android 10
Redmi 9A,Xiaomi,2020/07,Android 10
Redmi 9C,Xiaomi,2020/08,Android 10
Redmi 9 Prime,Xiaomi,2020/08,Android 10
Redmi K30 Ultra,Xiaomi,2020/08,Android 10
Redmi K30S,Xiaomi,2020/11,Android 10
Redmi Note 9 4G/5G/Pro 5G,Xiaomi,2020/11,Android 10
Redmi 9 Power,Xiaomi,2020/12,Android 10
Redmi 9T/Note 9T,Xiaomi,2021/01,Android 10
Redmi K40/Pro/Pro+,Xiaomi,2021/03,Android 11
Redmi Note 10/Pro/Pro Max,Xiaomi,2021/03,Android 11
Redmi Note 10S/5G,Xiaomi,2021/04,Android 11
Redmi K40 Gaming,Xiaomi,2021/04,Android 11
Redmi Note 8 2021,Xiaomi,2021/05,Android 11
Redmi Note 10 Pro 5G,Xiaomi,2021/06,Android 11
Redmi Note 10T,Xiaomi,2021/07,Android 11
Redmi Note 10 JE,Xiaomi,2021/08,Android 11
Redmi 10,Xiaomi,2021/08,Android 11
Redmi 10 Prime,Xiaomi,2021/09,Android 11
Redmi 9 Activ,Xiaomi,2021/09,Android 10
Redmi 9A Sport/9i Sport,Xiaomi,2021/09,Android 10
Redmi Note 10 Lite,Xiaomi,2021/10,Android 11
Redmi Note 11 5G/Pro/Pro+,Xiaomi,2021/11,Android 11
Redmi Note 11 4G,Xiaomi,2021/12,Android 11
Redmi Note 11T,Xiaomi,2021/12,Android 11
Samsung Galaxy M52 5G,Samsung Electronics,2021/10,Android 11
Samsung Galaxy Z Fold 3/Z Flip 3,Samsung Electronics,2021/08,Android 11
Samsung Galaxy A22/A22 5G,Samsung Electronics,2021/07,Android 11
Samsung Galaxy F52 5G,Samsung Electronics,2021/06,Android 11
Samsung Galaxy M32,Samsung Electronics,2021/06,Android 11
Samsung Galaxy F02s,Samsung Electronics,2021/04,Android 10
Samsung Galaxy F12,Samsung Electronics,2021/04,Android 11
Samsung Galaxy Quantum 2,Samsung Electronics,2021/04,Android 11
Sony Xperia 10 III,Sony Mobile,2021/04,Android 11
Sony Xperia 5 III,Sony Mobile,2021/04,Android 11
Sony Xperia 1 III,Sony Mobile,2021/04,Android 11
Samsung Galaxy M62,Samsung Electronics,2021/03,Android 11
Samsung Galaxy A32,Samsung Electronics,2021/03,Android 11
Samsung Galaxy Xcover 5,Samsung Electronics,2021/03,Android 11
Samsung Galaxy A52/A52 5G,Samsung Electronics,2021/03,Android 11
Samsung Galaxy A72,Samsung Electronics,2021/03,Android 11
Samsung Galaxy M02,Samsung Electronics,2021/02,Android 10
Samsung Galaxy M12,Samsung Electronics,2021/02,Android 11
Samsung Galaxy F62,Samsung Electronics,2021/02,Android 11
Samsung Galaxy A02s/M02s,Samsung Electronics,2021/01,Android 10
Samsung Galaxy A32 5G,Samsung Electronics,2021/01,Android 11
Samsung Galaxy S21,Samsung Electronics,2021/01,Android 11
Samsung Galaxy S21+,Samsung Electronics,2021/01,Android 11
Samsung Galaxy S21 Ultra,Samsung Electronics,2021/01,Android 11
Samsung Galaxy A02,Samsung Electronics,2021/01,Android 10
Sony Xperia Pro,Sony Mobile,2021/01,Android 10
Samsung Galaxy A12,Samsung Electronics,2020/12,Android 10
Samsung Galaxy M21s,Samsung Electronics,2020/11,Android 10
Samsung Galaxy S20 FE,Samsung Electronics,2020/10,Android 10
Samsung Galaxy F41,Samsung Electronics,2020/10,Android 10
Sony Xperia 5 II,Sony Mobile,2020/10,Android 10
Samsung Galaxy A42 5G,Samsung Electronics,2020/09,Android 10
Surface Duo,Microsoft,2020/09,Android 10
Samsung Galaxy Z Flip 5G,Samsung Electronics,2020/08,Android 10
Samsung Galaxy Note 20/Ultra,Samsung Electronics,2020/08,Android 10
Samsung Galaxy Z Fold 2,Samsung Electronics,2020/08,Android 10
Samsung Galaxy A01 Core,Samsung Electronics,2020/08,Android 10
Samsung Galaxy A51 5G UW,Samsung Electronics,2020/08,Android 10
Samsung Galaxy A21s,Samsung Electronics,2020/07,Android 10
Samsung Galaxy A51 5G/A71 5G,Samsung Electronics,2020/06,Android 10
Samsung Galaxy A21,Samsung Electronics,2020/06,Android 10
Samsung Galaxy A71 5G UW,Samsung Electronics,2020/06,Android 10
Samsung Galaxy A11,Samsung Electronics,2020/05,Android 10
Samsung Galaxy A41,Samsung Electronics,2020/05,Android 10
Sony Xperia 1 II,Sony Mobile,2020/05,Android 10
Sony Xperia 10 II,Sony Mobile,2020/05,Android 10
Samsung Galaxy Xcover FieldPro,Samsung Electronics,2020/04,Android 8.0 Oreo
Samsung Galaxy A31,Samsung Electronics,2020/04,Android 10
Sony Xperia L4,Sony Mobile,2020/04,Android Pie
Samsung Galaxy S20/+/Ultra,Samsung Electronics,2020/03,Android 10
Samsung Galaxy Z Flip,Samsung Electronics,2020/02,Android 10
Samsung Galaxy A01,Samsung Electronics,2020/01,Android 10
Samsung Galaxy Xcover Pro,Samsung Electronics,2020/01,Android 10
Samsung Galaxy A51/A71,Samsung Electronics,2019/12,Android 10
Samsung Galaxy A20s,Samsung Electronics,2019/10,Android Pie
Sony Xperia 8,Sony Mobile,2019/10,Android Pie
Samsung Galaxy A30s/A50s,Samsung Electronics,2019/09,Android Pie
Samsung Galaxy A90 5G,Samsung Electronics,2019/09,Android Pie
Samsung Galaxy A70s,Samsung Electronics,2019/09,Android Pie
Samsung Galaxy Fold,Samsung Electronics,2019/09,Android Pie
Sony Xperia 5,Sony Mobile,2019/09,Android Pie
Samsung Galaxy A10e,Samsung Electronics,2019/08,Android Pie
Samsung Galaxy Note 10/+,Samsung Electronics,2019/08,Android Pie
Samsung Galaxy A10s,Samsung Electronics,2019/08,Android Pie
Samsung Galaxy Xcover 4s,Samsung Electronics,2019/07,Android Pie
Samsung Galaxy A60,Samsung Electronics,2019/06,Android Pie
Samsung Galaxy A20e,Samsung Electronics,2019/05,Android Pie
Samsung Galaxy A70,Samsung Electronics,2019/05,Android Pie
Samsung Galaxy A80,Samsung Electronics,2019/05,Android Pie
Sony Xperia 1,Sony Mobile,2019/05,Android Pie
Samsung Galaxy S10 5G,Samsung Electronics,2019/04,Android Pie
Samsung Galaxy A20/A40,Samsung Electronics,2019/04,Android Pie
Samsung Galaxy A2 Core,Samsung Electronics,2019/04,Android 8.0 Oreo
Samsung Galaxy A10,Samsung Electronics,2019/03,Android Pie
Samsung Galaxy A30,Samsung Electronics,2019/03,Android Pie
Samsung Galaxy A50,Samsung Electronics,2019/03,Android Pie
Samsung Galaxy S10/e/+,Samsung Electronics,2019/03,Android Pie
Sony Xperia 10/10 Plus,Sony Mobile,2019/02,Android Pie
Sony Xperia L3,Sony Mobile,2019/02,Android 8.0 Oreo
Samsung Galaxy A8s,Samsung Electronics,2018/12,Android Pie
Samsung Galaxy A9 (2018),Samsung Electronics,2018/11,Android 8.0 Oreo
Samsung Galaxy A6s,Samsung Electronics,2018/11,Android 8.0 Oreo
Samsung Galaxy A7 (2018),Samsung Electronics,2018/10,Android 8.0 Oreo
Sony Xperia XA2 Plus,Sony Mobile,2018/09,Android 8.0 Oreo
Samsung Galaxy Note 9,Samsung Electronics,2018/08,Android 8.0 Oreo
Sony Xperia XZ3,Sony Mobile,2018/08,Android Pie
Samsung Galaxy A8 Star,Samsung Electronics,2018/06,Android 8.0 Oreo
Samsung Galaxy A6/+,Samsung Electronics,2018/05,Android 8.0 Oreo
Sony Xperia XZ2 Premium,Sony Mobile,2018/04,Android 8.0 Oreo
Samsung Galaxy S9/+,Samsung Electronics,2018/03,Android 8.0 Oreo
Sony Xperia XA2/Ultra,Sony Mobile,2018/02,Android 8.0 Oreo
Sony Xperia XZ2/Compact,Sony Mobile,2018/02,Android 8.0 Oreo
Samsung Galaxy A8 (2018)/+,Samsung Electronics,2018/01,Android 7.0 Nougat
Sony Xperia L2,Sony Mobile,2018/01,Android 7.0 Nougat
Samsung Galaxy C5,Samsung Electronics,2017/10,"Android 7.1 ""Nougat"""
Sony Xperia XA1 Plus,Sony Mobile,2017/10,Android 7.0 Nougat
Samsung Galaxy C8,Samsung Electronics,2017/09,"Android 7.1 ""Nougat"""
Samsung Galaxy Note 8,Samsung Electronics,2017/08,Android 7.0 Nougat
Sony Xperia XZ1/Compact,Sony Mobile,2017/08,Android 8.0 Oreo
Samsung Galaxy Note FE,Samsung Electronics,2017/07,Android 7.0 Nougat
Sony Xperia L1,Sony Mobile,2017/06,Android 7.0 Nougat
Sony Xperia XA1 Ultra,Sony Mobile,2017/05,Android 7.0 Nougat
Samsung Galaxy Xcover 4,Samsung Electronics,2017/04,Android 7.0 Nougat
Samsung Galaxy S8/+,Samsung Electronics,2017/04,Android 7.0 Nougat
Sony Xperia XA1,Sony Mobile,2017/04,Android 7.0 Nougat
Sony Xperia XZs/Premium,Sony Mobile,2017/02,Android 7.0 Nougat
Samsung Galaxy A3 (2017)/A5 (2017)/A7 (2017),Samsung Electronics,2017/01,Android 6.0 Marshmallow
Samsung Galaxy C9 Pro,Samsung Electronics,2016/11,"Android 6.0.1 ""Marshmallow"""
Samsung Galaxy A8 (2016),Samsung Electronics,2016/10,Android 6.0 Marshmallow
Samsung Galaxy Note 7,Samsung Electronics,2016/09,Android 6.0 Marshmallow
Sony Xperia X Compact,Sony Mobile,2016/09,Android 6.0 Marshmallow
Sony Xperia XZ,Sony Mobile,2016/09,Android 6.0 Marshmallow
Sony Xperia XA Ultra,Sony Mobile,2016/07,Android 6.0 Marshmallow
Samsung Galaxy C7,Samsung Electronics,2016/06,Android 6.0 Marshmallow
Sony Xperia XA,Sony Mobile,2016/06,Android 6.0 Marshmallow
Samsung Galaxy A9 Pro (2016),Samsung Electronics,2016/05,Android 6.0 Marshmallow
Samsung Galaxy Xcover 3 G389F,Samsung Electronics,2016/04,Android 6.0 Marshmallow
Samsung Galaxy S7/Edge,Samsung Electronics,2016/03,Android 6.0 Marshmallow
Sony Xperia X/Performance,Sony Mobile,2016/02,Android 6.0 Marshmallow
Samsung Galaxy A9 (2016),Samsung Electronics,2016/01,"Android 5.1 ""Lollipop"""
Samsung Galaxy A3 (2016)/A5 (2016)/A7 (2016),Samsung Electronics,2015/12,"Android 5.1 ""Lollipop"""
Sony Xperia Z5 Premium,Sony Mobile,2015/11,Android 5.0 Lollipop
Sony Xperia Z5/Compact,Sony Mobile,2015/10,Android 5.0 Lollipop
Samsung Galaxy A8/Duos,Samsung Electronics,2015/08,"Android 5.1 ""Lollipop"""
Samsung Galaxy Note 5,Samsung Electronics,2015/08,"Android 5.1 ""Lollipop"""
Samsung Galaxy S6 Edge+,Samsung Electronics,2015/08,"Android 5.1 ""Lollipop"""
Sony Xperia Z4,Sony Mobile,2015/06,Android 5.0 Lollipop
Samsung Galaxy S6/Edge,Samsung Electronics,2015/04,Android 5.0 Lollipop
Samsung Galaxy Xcover 3,Samsung Electronics,2015/04,Android 4.4 KitKat
Samsung Galaxy E7,Samsung Electronics,2015/02,Android 4.4 KitKat
Samsung Galaxy A7/Duos,Samsung Electronics,2015/02,Android 4.4 KitKat
Samsung Galaxy A5,Samsung Electronics,2014/12,Android 4.4 KitKat
Samsung Galaxy A3/Duos,Samsung Electronics,2014/12,Android 4.4 KitKat
Samsung Galaxy Note Edge,Samsung Electronics,2014/11,Android 4.4 KitKat
Samsung Galaxy A5 Duos,Samsung Electronics,2014/11,Android 4.4 KitKat
Samsung Galaxy Note 4,Samsung Electronics,2014/10,Android 4.4 KitKat
Samsung Galaxy Alpha,Samsung Electronics,2014/09,Android 4.4 KitKat
Samsung Galaxy Grand Prime,Samsung Electronics,2014/09,"Android 4.4 ""KitKat"""
Sony Xperia Z3/Compact,Sony Mobile,2014/09,Android 4.4 KitKat
Sony Xperia Z2,Sony Mobile,2014/05,Android 4.4 KitKat
Samsung Galaxy S5,Samsung Electronics,2014/04,Android 4.4 KitKat
Samsung Galaxy Beam 2,Samsung Electronics,2014/04,"Android 4.2.2 ""Jelly Bean"""
Samsung Galaxy Note 3 Neo,Samsung Electronics,2014/02,"Android 4.3 ""Jelly Bean"""
Sony Xperia Z1 Compact,Sony Mobile,2014/02,Android 4.1 Jelly Bean
Samsung Galaxy Note 3,Samsung Electronics,2013/09,"Android 4.3 ""Jelly Bean"""
Sony Xperia Z Ultra,Sony Mobile,2013/09,Android 4.1 Jelly Bean
Sony Xperia Z1,Sony Mobile,2013/09,Android 4.1 Jelly Bean
Samsung Galaxy S4 Zoom,Samsung Electronics,2013/07,"Android 4.2 ""Jelly Bean"""
Samsung Galaxy S4,Samsung Electronics,2013/04,"Android 4.2 ""Jelly Bean"""
Samsung Galaxy Xcover 2,Samsung Electronics,2013/03,Android 4.1 Jelly Bean
Sony Xperia Z,Sony Mobile,2013/02,Android 4.1 Jelly Bean
Samsung Galaxy Note 2,Samsung Electronics,2012/09,Android 4.0 Ice Cream Sandwich
Samsung Galaxy Beam,Samsung Electronics,2012/07,"Android 2.3.6 ""Gingerbread"""
Samsung Galaxy S3,Samsung Electronics,2012/05,Android 4.0 Ice Cream Sandwich
Samsung Galaxy Y DUOS,Samsung Electronics,2012/02,Android 2.3 Gingerbread
Samsung Galaxy Xcover,Samsung Electronics,2011/10,Android 2.3 Gingerbread
Samsung Galaxy Note,Samsung Electronics,2011/10,Android 2.3 Gingerbread
Sony Ericsson Xperia pro,Sony Ericsson,2011/10,Android 2.3 Gingerbread
Samsung Galaxy S2,Samsung Electronics,2011/04,Android 2.3 Gingerbread
Sony Ericsson Xperia Play,Sony Ericsson,2011/04,Android 2.3 Gingerbread
Samsung Galaxy S1,Samsung Electronics,2010/06,Android 2.0 Eclair
Sony Ericsson Xperia X8,Sony Ericsson,2010/06,"Android 1.6 ""Donut"""
Sony Ericsson Xperia X10,Sony Ericsson,2010/03,"Android 1.6 ""Donut"""
Samsung Galaxy,Samsung Electronics,2009/04,"Android 1.5 ""Cupcake"""
T-Mobile G1,T-Mobile,2008/09,Android 1.0
TCL Plex,TCL,2019/10,Android Pie
TCL 10L,TCL,2020/05,Android 10
TCL 10 Pro,TCL,2020/05,Android 10
TCL 10 SE,TCL,2020/07,Android 10
TCL 10 5G,TCL,2020/07,Android 10
TCL 10 Plus,TCL,2020/09,Android 10
Tecno Phantom 6/Plus,Tecno Mobile,2016/09,Android 6.0 Marshmallow
Tecno Camon CX,Tecno Mobile,2017/03,Android 7.0 Nougat
Tecno Camon CX Air,Tecno Mobile,2017/04,Android 7.0 Nougat
Tecno Spark,Tecno Mobile,2017/05,Android 7.0 Nougat
Tecno Spark Plus,Tecno Mobile,2017/06,Android 7.0 Nougat
Tecno Phantom 8,Tecno Mobile,2017/09,Android 7.0 Nougat
Tecno Spark Pro,Tecno Mobile,2017/10,Android 7.0 Nougat
Tecno Camon CM,Tecno Mobile,2017/12,Android 7.0 Nougat
Tecno Spark CM,Tecno Mobile,2017/12,Android 7.0 Nougat
Tecno Camon X/Pro,Tecno Mobile,2018/03,"Android 8.1 ""Oreo"""
Tecno Spark 2,Tecno Mobile,2018/06,"Android 8.1 ""Oreo"""
Tecno Camon 11/Pro,Tecno Mobile,2018/09,"Android 8.1 ""Oreo"""
Tecno Camon iACE2/2X,Tecno Mobile,2019/02,"Android 8.1 ""Oreo"""
Tecno Spark 3/Pro,Tecno Mobile,2019/04,Android Pie
Tecno Phantom 9,Tecno Mobile,2019/07,Android Pie
Tecno Spark Go,Tecno Mobile,2019/08,Android Pie
Tecno Spark 4/Air/Lite,Tecno Mobile,2016/08,Android Pie
Tecno Camon 12,Tecno Mobile,2019/08,Android Pie
Tecno Camon 12 Pro,Tecno Mobile,2019/09,Android Pie
Tecno Camon 12 Air,Tecno Mobile,2019/10,Android Pie
Tecno Camon 15/Pro,Tecno Mobile,2020/02,Android 10
Tecno Camon 15 Air/Premier,Tecno Mobile,2020/04,Android 10
Tecno Spark 5,Tecno Mobile,2020/05,Android 10
Tecno Spark 5 Air,Tecno Mobile,2020/05,Android 10
Tecno Spark 5 Pro,Tecno Mobile,2020/05,Android 10
Tecno Spark Power 2,Tecno Mobile,2020/06,Android 10
Tecno Pouvoir 4/Pro,Tecno Mobile,2020/07,Android 10
Tecno Camon 16 Premier,Tecno Mobile,2020/09,Android 10
Tecno Spark 6 Air,Tecno Mobile,2020/09,Android 10
Tecno Spark 6,Tecno Mobile,2020/09,Android 10
Tecno Camon 16,Tecno Mobile,2020/10,Android 10
Tecno Pova,Tecno Mobile,2020/10,Android 10
Ubuntu Edge,Canonical,Unreleased,Unknown Android Version
Vivo X1,Vivo,2012/11,Android 4.1 Jelly Bean
Vivo X3,Vivo,2013/08,Android 4.1 Jelly Bean
Vivo X3S,Vivo,2014/12,Android 4.1 Jelly Bean
Vivo X5/Max,Vivo,2014/12,Android 4.4 KitKat
Vivo X5Max+,Vivo,2015/03,Android 4.4 KitKat
Vivo X5Pro,Vivo,2015/05,Android 5.0 Lollipop
Vivo X5Max Platinum,Vivo,2015/06,Android 4.4 KitKat
Vivo V1,Vivo,2015/07,Android 5.0 Lollipop
Vivo V1 Max,Vivo,2015/08,Android 5.0 Lollipop
Vivo X6/Plus,Vivo,2015/11,Android 5.0 Lollipop
Vivo X6S/Plus,Vivo,2016/03,Android 5.0 Lollipop
Vivo V3/Max,Vivo,2016/04,Android 5.0 Lollipop
Vivo X7/Plus,Vivo,2016/07,Android 5.0 Lollipop
Vivo X9/Plus,Vivo,2016/07,Android 6.0 Marshmallow
Vivo V5,Vivo,2016/11,Android 6.0 Marshmallow
Vivo V5 Plus,Vivo,2017/01,Android 6.0 Marshmallow
Vivo V5 Lite/Y66,Vivo,2017/02,Android 6.0 Marshmallow
Vivo V5s,Vivo,2017/05,Android 6.0 Marshmallow
Vivo X9s/Plus,Vivo,2017/07,Android 7.0 Nougat
Vivo V7+,Vivo,2017/09,Android 7.0 Nougat
Vivo X20/Plus,Vivo,2017/09,Android 7.0 Nougat
Vivo V7,Vivo,2017/12,Android 7.0 Nougat
Vivo X20 Plus UD,Vivo,2018/01,Android 7.0 Nougat
Vivo X21/UD,Vivo,2018/03,Android 8.0 Oreo
Vivo V9/Youth,Vivo,2018/04,Android 8.0 Oreo
Vivo X21i,Vivo,2018/05,Android 8.0 Oreo
Vivo NEX,Vivo,2018/06,Android 8.0 Oreo
Vivo V11,Vivo,2018/09,Android 8.0 Oreo
Vivo X23,Vivo,2018/09,Android 8.0 Oreo
Vivo V11i,Vivo,2018/09,Android 8.0 Oreo
Vivo NEX Dual Display,Vivo,2018/12,Android Pie
Vivo V15/Pro,Vivo,2019/03,Android Pie
Vivo X27/Pro,Vivo,2019/03,Android Pie
Vivo V17 Neo,Vivo,2019/08,Android Pie
Vivo NEX 3,Vivo,2019/09,Android Pie
Vivo V17 Pro,Vivo,2019/09,Android Pie
Vivo V17,Vivo,2019/12,Android Pie
Vivo X30/Pro,Vivo,2019/12,Android Pie
Vivo NEX 3S,Vivo,2020/03,Android 10
Vivo V19,Vivo,2020/04,Android 10
Vivo X50 Lite,Vivo,2020/05,Android 10
Vivo X50/Pro/Pro+,Vivo,2020/06,Android 10
Vivo V19 Neo,Vivo,2020/06,Android 10
Vivo V20 Pro,Vivo,2020/09,Android 10
Vivo X50e,Vivo,2020/10,Android 10
Vivo V20 SE,Vivo,2020/10,Android 10
Vivo V20,Vivo,2020/10,Android 11
Vivo X51,Vivo,2020/10,Android 10
Vivo V20 (2021),Vivo,2020/12,Android 11
Vivo X60/Pro/Pro+,Vivo,2021/01,Android 11
Xiaomi Mi 1,Xiaomi,2011/12,Android 2.3 Gingerbread
Xiaomi Mi 1S,Xiaomi,2012/08,Android 4.0 Ice Cream Sandwich
Xiaomi Mi 2,Xiaomi,2012/10,Android 4.1 Jelly Bean
Xiaomi Mi 2S/A,Xiaomi,2013/04,Android 4.1 Jelly Bean
Xiaomi Mi 3/TD,Xiaomi,2013/12,"Android 4.3 ""Jelly Bean"""
Xiaomi Mi 4,Xiaomi,2014/08,Android 4.4 KitKat
Xiaomi Mi Note,Xiaomi,2015/01,Android 4.4 KitKat
Xiaomi Mi Note Pro,Xiaomi,2015/05,Android 5.0 Lollipop
Xiaomi Mi 4i,Xiaomi,2015/04,Android 5.0 Lollipop
Xiaomi Mi 4c,Xiaomi,2015/09,Android 5.0 Lollipop
Xiaomi Mi 4S,Xiaomi,2016/03,Android 5.0 Lollipop
Xiaomi Mi 5,Xiaomi,2016/04,Android 6.0 Marshmallow
Xiaomi Mi Max/Pro,Xiaomi,2016/05,Android 6.0 Marshmallow
Xiaomi Mi 5s/Plus,Xiaomi,2016/10,Android 6.0 Marshmallow
Xiaomi Mi Note 2,Xiaomi,2016/11,Android 6.0 Marshmallow
Xiaomi Mi MIX,Xiaomi,2016/11,Android 6.0 Marshmallow
Xiaomi Mi 5c,Xiaomi,2017/03,Android 6.0 Marshmallow
Xiaomi Mi 6,Xiaomi,2017/04,"Android 7.1 ""Nougat"""
Xiaomi Mi Max 2,Xiaomi,2017/06,"Android 7.1 ""Nougat"""
Xiaomi Mi 5X/Mi A1,Xiaomi,2017/08,"Android 7.1 ""Nougat"""
Xiaomi Mi Note 3,Xiaomi,2017/09,"Android 7.1 ""Nougat"""
Xiaomi Mi MIX 2,Xiaomi,2017/09,"Android 7.1 ""Nougat"""
Xiaomi Mi MIX 2S,Xiaomi,2018/04,"Android 8.1 ""Oreo"""
Xiaomi Mi 6X/Mi A2,Xiaomi,2018/04,"Android 8.1 ""Oreo"""
Xiaomi Black Shark,Xiaomi,2018/04,"Android 8.1 ""Oreo"""
Xiaomi Mi 8/SE/EE,Xiaomi,2018/06,"Android 8.1 ""Oreo"""
Xiaomi Mi Max 3,Xiaomi,2018/07,"Android 8.1 ""Oreo"""
Xiaomi Pocophone F1,Xiaomi,2018/08,"Android 8.1 ""Oreo"""
Xiaomi Mi 8 Pro/Lite,Xiaomi,2018/09,"Android 8.1 ""Oreo"""
Xiaomi Mi MIX 3,Xiaomi,2018/11,Android Pie
Xiaomi Black Shark Helo,Xiaomi,2018/11,Android 8.0 Oreo
Xiaomi Mi Play,Xiaomi,2018/12,Android 8.0 Oreo
Xiaomi Mi 9/SE,Xiaomi,2019/03,Android Pie
Xiaomi Black Shark 2,Xiaomi,2019/03,Android Pie
Xiaomi Mi MIX 3 5G,Xiaomi,2019/05,Android Pie
Xiaomi Mi 9T,Xiaomi,2019/06,Android Pie
Xiaomi Mi A3,Xiaomi,2019/07,Android Pie
Xiaomi Mi 9T Pro,Xiaomi,2019/08,Android Pie
Xiaomi Black Shark 2 Pro,Xiaomi,2019/08,Android Pie
Xiaomi Mi 9 Lite,Xiaomi,2019/09,Android Pie
Xiaomi Mi 9 Pro/Pro 5G,Xiaomi,2019/09,Android 10
Xiaomi Mi Note 10/Pro,Xiaomi,2019/11,Android Pie
POCO X2,Xiaomi,2020/02,Android 10
Xiaomi Mi 10/Pro,Xiaomi,2020/02,Android 10
Xiaomi Black Shark 3/Pro,Xiaomi,2020/03,Android 10
Xiaomi Mi 10 Lite,Xiaomi,2020/05,Android 10
Xiaomi Mi 10 Youth,Xiaomi,2020/05,Android 10
Xiaomi Mi Note 10 Lite,Xiaomi,2020/05,Android 10
POCO M2 Pro,Xiaomi,2020/07,Android 10
Xiaomi Mi 10 Ultra,Xiaomi,2020/08,Android 10
POCO X3 NFC,Xiaomi,2020/09,Android 10
POCO M2,Xiaomi,2020/09,Android 10
POCO X3,Xiaomi,2020/09,Android 10
Xiaomi Mi 10T/Pro/Lite,Xiaomi,2020/10,Android 10
POCO C3,Xiaomi,2020/10,Android 10
POCO M3,Xiaomi,2020/11,Android 10
Xiaomi Mi 11,Xiaomi,2021/01,Android 11
Xiaomi Mi 10i,Xiaomi,2021/01,Android 10
Xiaomi Mi 10S,Xiaomi,2021/03,Android 11
POCO X3 Pro,Xiaomi,2021/03,Android 11
POCO F3,Xiaomi,2021/03,Android 11
Xiaomi Black Shark 4/Pro,Xiaomi,2021/03,Android 11
Xiaomi Mi 11 Pro/Ultra/11i,Xiaomi,2021/04,Android 11
Xiaomi Mi 11 Lite/Lite 5G,Xiaomi,2021/04,Android 11
Xiaomi Mi MIX Fold,Xiaomi,2021/04,Android 11
POCO M2 Reloaded,Xiaomi,2021/04,Android 10
Xiaomi Mi 11X/Pro,Xiaomi,2021/04,Android 11
POCO M3 Pro,Xiaomi,2021/05,Android 11
POCO F3 GT,Xiaomi,2021/07,Android 11
POCO X3 GT,Xiaomi,2021/08,Android 11
Xiaomi MIX 4,Xiaomi,2021/08,Android 11
Xiaomi 11T/Pro,Xiaomi,2021/09,Android 11
Xiaomi 11 Lite 5G NE,Xiaomi,2021/09,Android 11
YotaPhone,Yota,2013/11,Android 4.2.2 Jelly Bean
YotaPhone 2,Yota,2014/12,Android 4.4.3 KitKat
ZTE Racer,ZTE,2010/07,Android 2.0 Eclair
ZTE Blade,ZTE,2010/11,Android 2.0 Eclair
ZTE Libra,ZTE,2011/09,Android 2.0 Eclair
ZTE Racer II,ZTE,2011/09,Android 2.2 Froyo
ZTE Skate,ZTE,2011/09,Android 2.3 Gingerbread
ZTE Score,ZTE,2011/09,Android 2.3 Gingerbread
ZTE Warp,ZTE,2011/10,Android 2.3 Gingerbread
ZTE Avail,ZTE,2011/12,Android 2.3 Gingerbread
ZTE FTV Phone,ZTE,2011/12,Android 2.2 Froyo
ZTE Blade II V880+,ZTE,2012/03,Android 2.3 Gingerbread
ZTE Score M,ZTE,2012/03,Android 2.3 Gingerbread
ZTE V880E,ZTE,2012/05,Android 2.3 Gingerbread
ZTE Kis V788,ZTE,2012/07,Android 2.3 Gingerbread
ZTE Grand X,ZTE,2012/07,Android 4.0 Ice Cream Sandwich
ZTE Grand X IN,ZTE,2012/09,Android 4.0 Ice Cream Sandwich
ZTE Blade III,ZTE,2012/09,Android 4.0 Ice Cream Sandwich
ZTE Grand Era,ZTE,2012/09,Android 4.0 Ice Cream Sandwich
ZTE Warp Sequent,ZTE,2012/09,Android 4.0 Ice Cream Sandwich
ZTE Grand X LTE,ZTE,2012/11,Android 4.0 Ice Cream Sandwich
ZTE Flash,ZTE,2012/11,Android 4.0 Ice Cream Sandwich
ZTE Groove X501,ZTE,2012/11,Android 2.3 Gingerbread
ZTE Kis III V790,ZTE,2012/11,Android 2.3 Gingerbread
ZTE N910,ZTE,2012/12,Android 4.0 Ice Cream Sandwich
ZTE Era,ZTE,2012/12,Android 4.0 Ice Cream Sandwich
ZTE V887,ZTE,2012/12,Android 4.0 Ice Cream Sandwich
ZTE V889M,ZTE,2012/12,Android 4.0 Ice Cream Sandwich
ZTE Avid 4G,ZTE,2012/12,Android 4.0 Ice Cream Sandwich
ZTE Grand S,ZTE,2013/03,Android 4.1 Jelly Bean
ZTE Director,ZTE,2013/03,Android 4.0 Ice Cream Sandwich
ZTE Blade C V807,ZTE,2013/04,Android 4.1 Jelly Bean
ZTE Blade III Pro,ZTE,2013/04,Android 4.1 Jelly Bean
ZTE Blade G V880G,ZTE,2013/04,Android 4.1 Jelly Bean
ZTE Blade G2,ZTE,2013/07,Android 4.1 Jelly Bean
ZTE Blade V,ZTE,2013/09,Android 4.1 Jelly Bean
ZTE Blade Q/Maxi/Mini,ZTE,2013/10,Android 4.1 Jelly Bean
ZTE Blade L2,ZTE,2014/05,Android 4.1 Jelly Bean
ZTE Blade Vec 3G/4G,ZTE,2014/11,Android 4.4 KitKat
ZTE Blade S6,ZTE,2015/02,Android 5.0 Lollipop
ZTE Blade G/Lux,ZTE,2015/02,Android 4.4 KitKat
ZTE Blade L3,ZTE,2015/02,Android 5.0 Lollipop
ZTE Blade L3 Plus,ZTE,2015/03,Android 4.4 KitKat
ZTE Blade S6 Plus,ZTE,2015/04,Android 5.0 Lollipop
ZTE Blade Qlux 4G,ZTE,2015/06,Android 4.4 KitKat
ZTE Blade Q Pro,ZTE,2015/06,Android 5.0 Lollipop
ZTE Blade Apex 3,ZTE,2015/06,Android 4.4 KitKat
ZTE Blade A410,ZTE,2015/06,Android 5.0 Lollipop
ZTE Blade A460,ZTE,2015/06,Android 5.0 Lollipop
ZTE Axon Pro/Lux,ZTE,2015/07,Android 5.0 Lollipop
ZTE Blade D6,ZTE,2015/07,Android 5.0 Lollipop
ZTE Axon Elite,ZTE,2015/09,Android 5.0 Lollipop
ZTE Axon mini,ZTE,2015/10,Android 5.0 Lollipop
ZTE Blade S7,ZTE,2015/10,Android 5.0 Lollipop
ZTE Axon,ZTE,2015/10,Android 5.0 Lollipop
ZTE Blade X3/5/9,ZTE,2015/11,Android 5.0 Lollipop
ZTE Axon Max,ZTE,2015/12,Android 5.0 Lollipop
ZTE Blade V7/Lite,ZTE,2016/02,Android 5.0 Lollipop
ZTE Axon 7,ZTE,2016/05,Android 6.0 Marshmallow
ZTE Axon 7 mini,ZTE,2016/09,Android 6.0 Marshmallow
ZTE Axon 7 Max,ZTE,2016/10,Android 6.0 Marshmallow
ZTE Axon 7s,ZTE,2017/04,Android 7.0 Nougat
ZTE Maven 2,ZTE,2017/07,Android 6.0 Marshmallow
ZTE Blade A6,ZTE,2017/08,Android 7.0 Nougat
ZTE Axon M,ZTE,2017/10,Android 7.0 Nougat
ZTE Blade X,ZTE,2017/10,Android 7.0 Nougat
ZTE Blade A3,ZTE,2017/11,Android 7.0 Nougat
ZTE Tempo Go,ZTE,2018/02,Android 8.0 Oreo
ZTE Blade V9/Vita,ZTE,2018/02,Android 8.0 Oreo
ZTE Axon 9 Pro,ZTE,2018/08,Android 8.0 Oreo
ZTE Blade A7 Vita,ZTE,2018/12,Android 8.0 Oreo
ZTE Blade V10/Vita,ZTE,2019/02,Android Pie
ZTE Axon 10 Pro/5G,ZTE,2019/02,Android Pie
ZTE Blade L8,ZTE,2019/04,Android Pie
ZTE Blade A3 (2019),ZTE,2019/04,Android Pie
ZTE Blade A7,ZTE,2019/05,Android Pie
ZTE Blade A5 (2019),ZTE,2019/05,Android Pie
ZTE Blade A20,ZTE,2019/10,Android Pie
ZTE Blade 10 Prime,ZTE,2019/11,Android Pie
ZTE Blade A7 Prime,ZTE,2019/11,Android Pie
ZTE Blade Max View,ZTE,2019/11,Android 7.0 Nougat
ZTE Axon 10s Pro 5G,ZTE,2020/02,Android 10
ZTE Axon 11 4G/5G,ZTE,2020/03,Android 10
ZTE Blade V 2020,ZTE,2020/05,Android 10
ZTE Axon 11 SE 5G,ZTE,2020/06,Android 10
ZTE Axon 20 5G,ZTE,2020/09,Android 10
ZTE Blade A7s 2020,ZTE,2020/09,Android 10
ZTE Blade 20 5G,ZTE,2020/09,Android 10
ZTE Axon 20 4G,ZTE,2020/09,Android 10
ZTE S30/Pro/SE,ZTE,2021/04,Android 11
ZTE Axon 30 Pro/Ultra,ZTE,2021/04,Android 11
ZTE Blade 11 Prime,ZTE,2021/04,Android 10
ZTE Blade A51,ZTE,2021/05,Android 11
ZTE Blade A31,ZTE,2021/07,Android 11
ZTE Axon 30,ZTE,2021/08,Android 11
ZTE Blade A71,ZTE,2021/10,Android 11
ZTE Blade L9,ZTE,2021/10,Android 11
ZTE Blade A31 Plus,ZTE,2021/10,Android 11
ZTE Voyage 20 Pro,ZTE,2021/08,Android 11
